Transaction ID,Date,Customer ID,Age,Quantity,Price per Unit,Total Amount,High Spender,Month,Day of Week,Avg Price per Item,Gender_Male,Product Category_Clothing,Product Category_Electronics,Age Group_25-40,Age Group_40-60,Age Group_60+
1,2023-11-24,CUST001,34,3,50,150,0,11,4,50.0,True,False,False,True,False,False
2,2023-02-27,CUST002,26,2,500,1000,1,2,0,500.0,False,True,False,True,False,False
3,2023-01-13,CUST003,50,1,30,30,0,1,4,30.0,True,False,True,False,True,False
4,2023-05-21,CUST004,37,1,500,500,0,5,6,500.0,True,True,False,True,False,False
5,2023-05-06,CUST005,30,2,50,100,0,5,5,50.0,True,False,False,True,False,False
6,2023-04-25,CUST006,45,1,30,30,0,4,1,30.0,False,False,False,False,True,False
7,2023-03-13,CUST007,46,2,25,50,0,3,0,25.0,True,True,False,False,True,False
8,2023-02-22,CUST008,30,4,25,100,0,2,2,25.0,True,False,True,True,False,False
9,2023-12-13,CUST009,63,2,300,600,0,12,2,300.0,True,False,True,False,False,True
10,2023-10-07,CUST010,52,4,50,200,0,10,5,50.0,False,True,False,False,True,False
11,2023-02-14,CUST011,23,2,50,100,0,2,1,50.0,True,True,False,False,False,False
12,2023-10-30,CUST012,35,3,25,75,0,10,0,25.0,True,False,False,True,False,False
13,2023-08-05,CUST013,22,3,500,1500,1,8,5,500.0,True,False,True,False,False,False
14,2023-01-17,CUST014,64,4,30,120,0,1,1,30.0,True,True,False,False,False,True
15,2023-01-16,CUST015,42,4,500,2000,1,1,0,500.0,False,False,True,False,True,False
16,2023-02-17,CUST016,19,3,500,1500,1,2,4,500.0,True,True,False,False,False,False
17,2023-04-22,CUST017,27,4,25,100,0,4,5,25.0,False,True,False,True,False,False
18,2023-04-30,CUST018,47,2,25,50,0,4,6,25.0,False,False,True,False,True,False
19,2023-09-16,CUST019,62,2,25,50,0,9,5,25.0,False,True,False,False,False,True
20,2023-11-05,CUST020,22,3,300,900,1,11,6,300.0,True,True,False,False,False,False
21,2023-01-14,CUST021,50,1,500,500,0,1,5,500.0,False,False,False,False,True,False
22,2023-10-15,CUST022,18,2,50,100,0,10,6,50.0,True,True,False,False,False,False
23,2023-04-12,CUST023,35,4,30,120,0,4,2,30.0,False,True,False,True,False,False
24,2023-11-29,CUST024,49,1,300,300,0,11,2,300.0,False,True,False,False,True,False
25,2023-12-26,CUST025,64,1,50,50,0,12,1,50.0,False,False,False,False,False,True
26,2023-10-07,CUST026,28,2,500,1000,1,10,5,500.0,False,False,True,True,False,False
27,2023-08-03,CUST027,38,2,25,50,0,8,3,25.0,False,False,False,True,False,False
28,2023-04-23,CUST028,43,1,500,500,0,4,6,500.0,False,False,False,False,True,False
29,2023-08-18,CUST029,42,1,30,30,0,8,4,30.0,False,False,True,False,True,False
30,2023-10-29,CUST030,39,3,300,900,1,10,6,300.0,False,False,False,True,False,False
31,2023-05-23,CUST031,44,4,300,1200,1,5,1,300.0,True,False,True,False,True,False
32,2023-01-04,CUST032,30,3,30,90,0,1,2,30.0,True,False,False,True,False,False
33,2023-03-23,CUST033,50,2,50,100,0,3,3,50.0,False,False,True,False,True,False
34,2023-12-24,CUST034,51,3,50,150,0,12,6,50.0,False,True,False,False,True,False
35,2023-08-05,CUST035,58,3,300,900,1,8,5,300.0,False,False,False,False,True,False
36,2023-06-24,CUST036,52,3,300,900,1,6,5,300.0,True,False,False,False,True,False
37,2023-05-23,CUST037,18,3,25,75,0,5,1,25.0,False,False,False,False,False,False
38,2023-03-21,CUST038,38,4,50,200,0,3,1,50.0,True,False,False,True,False,False
39,2023-04-21,CUST039,23,4,30,120,0,4,4,30.0,True,True,False,False,False,False
40,2023-06-22,CUST040,45,1,50,50,0,6,3,50.0,True,False,False,False,True,False
41,2023-02-22,CUST041,34,2,25,50,0,2,2,25.0,True,True,False,True,False,False
42,2023-02-17,CUST042,22,3,300,900,1,2,4,300.0,True,True,False,False,False,False
43,2023-07-14,CUST043,48,1,300,300,0,7,4,300.0,False,True,False,False,True,False
44,2023-02-19,CUST044,22,1,25,25,0,2,6,25.0,False,True,False,False,False,False
45,2023-07-03,CUST045,55,1,30,30,0,7,0,30.0,False,False,True,False,True,False
46,2023-06-26,CUST046,20,4,300,1200,1,6,0,300.0,False,False,True,False,False,False
47,2023-11-06,CUST047,40,3,500,1500,1,11,0,500.0,False,False,False,False,True,False
48,2023-05-16,CUST048,54,3,300,900,1,5,1,300.0,True,False,True,False,True,False
49,2023-01-23,CUST049,54,2,500,1000,1,1,0,500.0,False,False,True,False,True,False
50,2023-08-24,CUST050,27,3,25,75,0,8,3,25.0,False,False,False,True,False,False
51,2023-10-02,CUST051,27,3,25,75,0,10,0,25.0,True,False,False,True,False,False
52,2023-03-05,CUST052,36,1,300,300,0,3,6,300.0,False,False,False,True,False,False
53,2023-07-13,CUST053,34,2,50,100,0,7,3,50.0,True,False,True,True,False,False
54,2023-02-10,CUST054,38,3,500,1500,1,2,4,500.0,False,False,True,True,False,False
55,2023-10-10,CUST055,31,4,30,120,0,10,1,30.0,True,False,False,True,False,False
56,2023-05-31,CUST056,26,3,300,900,1,5,2,300.0,False,True,False,True,False,False
57,2023-11-18,CUST057,63,1,30,30,0,11,5,30.0,False,False,False,False,False,True
58,2023-11-13,CUST058,18,4,300,1200,1,11,0,300.0,True,True,False,False,False,False
59,2023-07-05,CUST059,62,1,50,50,0,7,2,50.0,True,True,False,False,False,True
60,2023-10-23,CUST060,30,3,50,150,0,10,0,50.0,True,False,False,True,False,False
61,2023-04-09,CUST061,21,4,50,200,0,4,6,50.0,True,False,False,False,False,False
62,2023-12-27,CUST062,18,2,50,100,0,12,2,50.0,True,False,False,False,False,False
63,2023-02-05,CUST063,57,2,25,50,0,2,6,25.0,True,False,True,False,True,False
64,2023-01-24,CUST064,49,4,25,100,0,1,1,25.0,True,True,False,False,True,False
65,2023-12-05,CUST065,51,4,500,2000,1,12,1,500.0,True,False,True,False,True,False
66,2023-04-27,CUST066,45,1,30,30,0,4,3,30.0,False,False,True,False,True,False
67,2023-05-29,CUST067,48,4,300,1200,1,5,0,300.0,False,False,False,False,True,False
68,2023-02-10,CUST068,25,1,300,300,0,2,4,300.0,True,False,True,True,False,False
69,2023-04-30,CUST069,56,3,25,75,0,4,6,25.0,False,False,False,False,True,False
70,2023-02-21,CUST070,43,1,300,300,0,2,1,300.0,False,True,False,False,True,False
71,2023-07-14,CUST071,51,4,25,100,0,7,4,25.0,False,False,False,False,True,False
72,2023-05-23,CUST072,20,4,500,2000,1,5,1,500.0,False,False,True,False,False,False
73,2023-08-21,CUST073,29,3,30,90,0,8,0,30.0,True,False,True,True,False,False
74,2023-11-22,CUST074,18,4,500,2000,1,11,2,500.0,False,False,False,False,False,False
75,2023-07-06,CUST075,61,4,50,200,0,7,3,50.0,True,False,False,False,False,True
76,2023-03-25,CUST076,22,2,50,100,0,3,5,50.0,False,False,True,False,False,False
77,2023-07-09,CUST077,47,2,50,100,0,7,6,50.0,False,True,False,False,True,False
78,2023-07-01,CUST078,47,3,500,1500,1,7,5,500.0,False,True,False,False,True,False
79,2023-04-18,CUST079,34,1,300,300,0,4,1,300.0,True,False,False,True,False,False
80,2023-12-10,CUST080,64,2,30,60,0,12,6,30.0,False,True,False,False,False,True
81,2023-05-17,CUST081,40,1,50,50,0,5,2,50.0,True,False,True,False,True,False
82,2023-12-26,CUST082,32,4,50,200,0,12,1,50.0,False,False,False,True,False,False
83,2023-12-16,CUST083,54,2,50,100,0,12,5,50.0,True,False,True,False,True,False
84,2023-11-28,CUST084,38,3,30,90,0,11,1,30.0,False,False,True,True,False,False
85,2023-02-06,CUST085,31,3,50,150,0,2,0,50.0,True,True,False,True,False,False
86,2023-11-08,CUST086,19,3,30,90,0,11,2,30.0,True,False,False,False,False,False
87,2023-11-22,CUST087,28,2,50,100,0,11,2,50.0,False,False,False,True,False,False
88,2023-03-29,CUST088,56,1,500,500,0,3,2,500.0,True,True,False,False,True,False
89,2023-10-01,CUST089,55,4,500,2000,1,10,6,500.0,False,False,True,False,True,False
90,2023-05-06,CUST090,51,1,30,30,0,5,5,30.0,False,False,True,False,True,False
91,2023-03-25,CUST091,55,1,500,500,0,3,5,500.0,False,False,True,False,True,False
92,2023-08-25,CUST092,51,4,30,120,0,8,4,30.0,False,False,True,False,True,False
93,2023-07-14,CUST093,35,4,500,2000,1,7,4,500.0,False,False,False,True,False,False
94,2023-05-19,CUST094,47,2,500,1000,1,5,4,500.0,False,False,False,False,True,False
95,2023-11-24,CUST095,32,2,30,60,0,11,4,30.0,False,True,False,True,False,False
96,2023-12-19,CUST096,44,2,300,600,0,12,1,300.0,False,True,False,False,True,False
97,2023-10-13,CUST097,51,2,500,1000,1,10,4,500.0,False,False,False,False,True,False
98,2023-04-23,CUST098,55,2,50,100,0,4,6,50.0,False,False,False,False,True,False
99,2023-12-17,CUST099,50,4,300,1200,1,12,6,300.0,False,False,True,False,True,False
100,2023-06-16,CUST100,41,1,30,30,0,6,4,30.0,True,False,True,False,True,False
101,2023-01-29,CUST101,32,2,300,600,0,1,6,300.0,True,True,False,True,False,False
102,2023-04-28,CUST102,47,2,25,50,0,4,4,25.0,False,False,False,False,True,False
103,2023-01-17,CUST103,59,1,25,25,0,1,1,25.0,False,True,False,False,True,False
104,2023-06-11,CUST104,34,2,500,1000,1,6,6,500.0,False,False,False,True,False,False
105,2023-07-25,CUST105,22,1,500,500,0,7,1,500.0,False,False,True,False,False,False
106,2023-05-18,CUST106,46,1,50,50,0,5,3,50.0,False,True,False,False,True,False
107,2023-02-03,CUST107,21,4,300,1200,1,2,4,300.0,False,True,False,False,False,False
108,2023-04-19,CUST108,27,3,25,75,0,4,2,25.0,False,False,False,True,False,False
109,2023-10-18,CUST109,34,4,500,2000,1,10,2,500.0,False,False,True,True,False,False
110,2023-06-11,CUST110,27,3,300,900,1,6,6,300.0,True,True,False,True,False,False
111,2023-04-19,CUST111,34,3,500,1500,1,4,2,500.0,False,False,True,True,False,False
112,2023-12-02,CUST112,37,3,500,1500,1,12,5,500.0,True,True,False,True,False,False
113,2023-09-13,CUST113,41,2,25,50,0,9,2,25.0,False,False,True,False,True,False
114,2023-07-22,CUST114,22,4,25,100,0,7,5,25.0,False,False,False,False,False,False
115,2023-11-26,CUST115,51,3,500,1500,1,11,6,500.0,True,True,False,False,True,False
116,2023-08-23,CUST116,23,1,30,30,0,8,2,30.0,False,True,False,False,False,False
117,2023-03-15,CUST117,19,2,500,1000,1,3,2,500.0,True,False,True,False,False,False
118,2023-05-16,CUST118,30,4,500,2000,1,5,1,500.0,False,False,True,True,False,False
119,2023-03-13,CUST119,60,3,50,150,0,3,0,50.0,False,True,False,False,False,True
120,2023-05-07,CUST120,60,1,50,50,0,5,6,50.0,True,False,False,False,False,True
121,2023-10-15,CUST121,28,4,50,200,0,10,6,50.0,False,False,True,True,False,False
122,2023-10-03,CUST122,64,4,30,120,0,10,1,30.0,True,False,True,False,False,True
123,2023-05-15,CUST123,40,2,30,60,0,5,0,30.0,False,False,True,False,True,False
124,2023-10-27,CUST124,33,4,500,2000,1,10,4,500.0,True,True,False,True,False,False
125,2023-08-08,CUST125,48,2,50,100,0,8,1,50.0,True,True,False,False,True,False
126,2023-10-26,CUST126,28,3,30,90,0,10,3,30.0,False,True,False,True,False,False
127,2023-07-24,CUST127,33,2,25,50,0,7,0,25.0,False,True,False,True,False,False
128,2023-07-05,CUST128,25,1,500,500,0,7,2,500.0,True,False,False,True,False,False
129,2023-04-23,CUST129,21,2,300,600,0,4,6,300.0,False,False,False,False,False,False
130,2023-03-12,CUST130,57,1,500,500,0,3,6,500.0,False,True,False,False,True,False
131,2023-09-18,CUST131,21,2,300,600,0,9,0,300.0,False,False,False,False,False,False
132,2023-09-10,CUST132,42,4,50,200,0,9,6,50.0,True,False,True,False,True,False
133,2023-02-16,CUST133,20,3,300,900,1,2,3,300.0,True,False,True,False,False,False
134,2023-01-25,CUST134,49,1,50,50,0,1,2,50.0,True,False,True,False,True,False
135,2023-02-26,CUST135,20,2,25,50,0,2,6,25.0,True,True,False,False,False,False
136,2023-03-20,CUST136,44,2,300,600,0,3,0,300.0,True,False,True,False,True,False
137,2023-11-18,CUST137,46,2,500,1000,1,11,5,500.0,True,False,False,False,True,False
138,2023-03-23,CUST138,49,4,50,200,0,3,3,50.0,True,True,False,False,True,False
139,2023-12-15,CUST139,36,4,500,2000,1,12,4,500.0,True,False,False,True,False,False
140,2023-08-05,CUST140,38,1,30,30,0,8,5,30.0,True,False,True,True,False,False
141,2023-11-02,CUST141,22,1,50,50,0,11,3,50.0,False,False,True,False,False,False
142,2023-02-02,CUST142,35,4,300,1200,1,2,3,300.0,True,False,True,True,False,False
143,2023-07-17,CUST143,45,1,50,50,0,7,0,50.0,False,True,False,False,True,False
144,2023-07-15,CUST144,59,3,500,1500,1,7,5,500.0,False,False,False,False,True,False
145,2023-11-02,CUST145,39,3,25,75,0,11,3,25.0,False,True,False,True,False,False
146,2023-08-28,CUST146,38,4,50,200,0,8,0,50.0,True,True,False,True,False,False
147,2023-09-28,CUST147,23,1,300,300,0,9,3,300.0,True,False,True,False,False,False
148,2023-05-09,CUST148,18,2,30,60,0,5,1,30.0,True,True,False,False,False,False
149,2023-10-11,CUST149,22,3,25,75,0,10,2,25.0,True,True,False,False,False,False
150,2023-01-06,CUST150,58,4,30,120,0,1,4,30.0,False,False,True,False,True,False
151,2023-12-15,CUST151,29,1,50,50,0,12,4,50.0,True,True,False,True,False,False
152,2023-02-28,CUST152,43,4,500,2000,1,2,1,500.0,True,False,True,False,True,False
153,2023-12-16,CUST153,63,2,500,1000,1,12,5,500.0,True,False,True,False,False,True
154,2023-10-02,CUST154,51,3,300,900,1,10,0,300.0,True,False,True,False,True,False
155,2023-05-17,CUST155,31,4,500,2000,1,5,2,500.0,True,False,True,True,False,False
156,2023-11-25,CUST156,43,4,25,100,0,11,5,25.0,False,True,False,False,True,False
157,2023-06-24,CUST157,62,4,500,2000,1,6,5,500.0,True,False,True,False,False,True
158,2023-02-27,CUST158,44,2,300,600,0,2,0,300.0,False,False,True,False,True,False
159,2023-05-31,CUST159,26,4,50,200,0,5,2,50.0,True,True,False,True,False,False
160,2023-08-11,CUST160,43,2,50,100,0,8,4,50.0,False,True,False,False,True,False
161,2023-03-22,CUST161,64,2,500,1000,1,3,2,500.0,True,False,False,False,False,True
162,2023-08-21,CUST162,39,2,30,60,0,8,0,30.0,True,True,False,True,False,False
163,2023-01-02,CUST163,64,3,50,150,0,1,0,50.0,False,True,False,False,False,True
164,2023-05-15,CUST164,47,3,500,1500,1,5,0,500.0,False,False,False,False,True,False
165,2023-09-14,CUST165,60,4,300,1200,1,9,3,300.0,False,True,False,False,False,True
166,2023-04-02,CUST166,34,4,500,2000,1,4,6,500.0,True,True,False,True,False,False
167,2023-09-17,CUST167,43,3,50,150,0,9,6,50.0,False,True,False,False,True,False
168,2023-02-24,CUST168,53,1,300,300,0,2,4,300.0,True,True,False,False,True,False
169,2023-11-17,CUST169,18,3,500,1500,1,11,4,500.0,True,False,False,False,False,False
170,2023-06-02,CUST170,25,2,25,50,0,6,4,25.0,False,True,False,True,False,False
171,2023-11-24,CUST171,52,3,300,900,1,11,4,300.0,False,True,False,False,True,False
172,2023-09-17,CUST172,32,2,25,50,0,9,6,25.0,True,False,False,True,False,False
173,2023-11-08,CUST173,64,4,30,120,0,11,2,30.0,True,False,True,False,False,True
174,2023-04-12,CUST174,39,1,300,300,0,4,2,300.0,False,False,False,True,False,False
175,2023-03-20,CUST175,31,4,25,100,0,3,0,25.0,False,False,True,True,False,False
176,2023-07-11,CUST176,43,2,50,100,0,7,1,50.0,False,False,False,False,True,False
177,2023-03-24,CUST177,45,2,50,100,0,3,4,50.0,True,False,False,False,True,False
178,2023-10-04,CUST178,40,2,30,60,0,10,2,30.0,True,True,False,False,True,False
179,2023-09-29,CUST179,31,1,300,300,0,9,4,300.0,True,False,True,True,False,False
180,2023-01-01,CUST180,41,3,300,900,1,1,6,300.0,True,True,False,False,True,False
181,2023-11-03,CUST181,19,4,300,1200,1,11,4,300.0,True,False,True,False,False,False
182,2023-06-15,CUST182,62,4,30,120,0,6,3,30.0,True,False,False,False,False,True
183,2023-09-08,CUST183,43,3,300,900,1,9,4,300.0,False,False,False,False,True,False
184,2023-01-10,CUST184,31,4,50,200,0,1,1,50.0,True,False,True,True,False,False
185,2023-02-27,CUST185,24,1,25,25,0,2,0,25.0,True,True,False,False,False,False
186,2023-07-05,CUST186,20,4,50,200,0,7,2,50.0,True,True,False,False,False,False
187,2023-06-07,CUST187,64,2,50,100,0,6,2,50.0,False,True,False,False,False,True
188,2023-05-03,CUST188,40,3,25,75,0,5,2,25.0,True,True,False,False,True,False
189,2023-01-30,CUST189,63,1,50,50,0,1,0,50.0,True,False,False,False,False,True
190,2023-05-04,CUST190,60,3,30,90,0,5,3,30.0,False,False,False,False,False,True
191,2023-10-18,CUST191,64,1,25,25,0,10,2,25.0,True,False,False,False,False,True
192,2023-02-10,CUST192,62,2,50,100,0,2,4,50.0,True,False,False,False,False,True
193,2023-02-13,CUST193,35,3,500,1500,1,2,0,500.0,True,False,False,True,False,False
194,2023-09-06,CUST194,55,4,50,200,0,9,2,50.0,True,True,False,False,True,False
195,2023-02-05,CUST195,52,1,30,30,0,2,6,30.0,True,True,False,False,True,False
196,2023-09-30,CUST196,32,3,300,900,1,9,5,300.0,False,True,False,True,False,False
197,2023-03-06,CUST197,42,4,50,200,0,3,0,50.0,False,True,False,False,True,False
198,2023-03-07,CUST198,54,3,300,900,1,3,1,300.0,False,False,False,False,True,False
199,2023-12-04,CUST199,45,3,500,1500,1,12,0,500.0,True,False,False,False,True,False
200,2023-09-01,CUST200,27,3,50,150,0,9,4,50.0,True,False,False,True,False,False
201,2023-10-09,CUST201,56,1,25,25,0,10,0,25.0,True,False,True,False,True,False
202,2023-03-26,CUST202,34,4,300,1200,1,3,6,300.0,False,True,False,True,False,False
203,2023-05-16,CUST203,56,2,500,1000,1,5,1,500.0,True,True,False,False,True,False
204,2023-09-28,CUST204,39,1,25,25,0,9,3,25.0,True,False,False,True,False,False
205,2023-11-07,CUST205,43,1,25,25,0,11,1,25.0,False,True,False,False,True,False
206,2023-08-05,CUST206,61,1,25,25,0,8,5,25.0,True,True,False,False,False,True
207,2023-04-19,CUST207,42,2,25,50,0,4,2,25.0,False,False,False,False,True,False
208,2023-10-04,CUST208,34,4,50,200,0,10,2,50.0,False,False,True,True,False,False
209,2023-12-20,CUST209,30,4,50,200,0,12,2,50.0,False,False,True,True,False,False
210,2023-04-13,CUST210,37,4,50,200,0,4,3,50.0,True,False,True,True,False,False
211,2024-01-01,CUST211,42,3,500,1500,1,1,0,500.0,True,False,False,False,True,False
212,2023-06-09,CUST212,21,3,500,1500,1,6,4,500.0,True,True,False,False,False,False
213,2023-07-24,CUST213,27,3,500,1500,1,7,0,500.0,True,False,False,True,False,False
214,2023-12-10,CUST214,20,2,30,60,0,12,6,30.0,True,False,False,False,False,False
215,2023-11-29,CUST215,58,3,500,1500,1,11,2,500.0,True,True,False,False,True,False
216,2023-07-11,CUST216,62,2,50,100,0,7,1,50.0,True,False,True,False,False,True
217,2023-08-13,CUST217,35,4,50,200,0,8,6,50.0,False,False,True,True,False,False
218,2023-09-22,CUST218,64,3,30,90,0,9,4,30.0,True,False,False,False,False,True
219,2023-08-20,CUST219,53,3,30,90,0,8,6,30.0,False,False,True,False,True,False
220,2023-03-03,CUST220,64,1,500,500,0,3,4,500.0,True,False,False,False,False,True
221,2023-05-07,CUST221,39,2,300,600,0,5,6,300.0,True,False,False,True,False,False
222,2023-04-26,CUST222,51,4,30,120,0,4,2,30.0,True,True,False,False,True,False
223,2023-02-02,CUST223,64,1,25,25,0,2,3,25.0,False,True,False,False,False,True
224,2023-06-23,CUST224,25,1,50,50,0,6,4,50.0,False,True,False,True,False,False
225,2023-01-11,CUST225,57,4,25,100,0,1,2,25.0,False,False,False,False,True,False
226,2023-10-29,CUST226,61,1,50,50,0,10,6,50.0,False,True,False,False,False,True
227,2023-10-11,CUST227,36,2,50,100,0,10,2,50.0,True,False,True,True,False,False
228,2023-04-28,CUST228,59,2,30,60,0,4,4,30.0,False,False,True,False,True,False
229,2023-10-29,CUST229,58,3,30,90,0,10,6,30.0,True,False,False,False,True,False
230,2023-04-23,CUST230,54,1,25,25,0,4,6,25.0,True,False,False,False,True,False
231,2023-01-04,CUST231,23,3,50,150,0,1,2,50.0,False,True,False,False,False,False
232,2023-02-06,CUST232,43,1,25,25,0,2,0,25.0,False,False,False,False,True,False
233,2023-12-29,CUST233,51,2,300,600,0,12,4,300.0,False,False,False,False,True,False
234,2023-11-20,CUST234,62,2,25,50,0,11,0,25.0,False,False,True,False,False,True
235,2023-01-31,CUST235,23,2,500,1000,1,1,1,500.0,False,False,True,False,False,False
236,2023-04-28,CUST236,54,1,25,25,0,4,4,25.0,False,True,False,False,True,False
237,2023-02-04,CUST237,50,2,500,1000,1,2,5,500.0,False,False,False,False,True,False
238,2023-01-17,CUST238,39,1,500,500,0,1,1,500.0,False,False,False,True,False,False
239,2023-06-19,CUST239,38,3,500,1500,1,6,0,500.0,True,False,True,True,False,False
240,2023-02-06,CUST240,23,1,300,300,0,2,0,300.0,False,False,False,False,False,False
241,2023-09-21,CUST241,23,3,25,75,0,9,3,25.0,False,False,True,False,False,False
242,2023-05-02,CUST242,21,1,25,25,0,5,1,25.0,True,True,False,False,False,False
243,2023-05-23,CUST243,47,3,300,900,1,5,1,300.0,False,False,True,False,True,False
244,2023-12-09,CUST244,28,2,50,100,0,12,5,50.0,True,False,False,True,False,False
245,2023-09-06,CUST245,47,3,30,90,0,9,2,30.0,True,True,False,False,True,False
246,2023-04-20,CUST246,48,2,25,50,0,4,3,25.0,False,False,True,False,True,False
247,2023-10-04,CUST247,41,2,30,60,0,10,2,30.0,True,False,True,False,True,False
248,2023-03-09,CUST248,26,3,300,900,1,3,3,300.0,True,True,False,True,False,False
249,2023-10-20,CUST249,20,1,50,50,0,10,4,50.0,True,True,False,False,False,False
250,2023-10-23,CUST250,48,1,50,50,0,10,0,50.0,True,False,True,False,True,False
251,2023-08-31,CUST251,57,4,50,200,0,8,3,50.0,False,False,False,False,True,False
252,2023-05-05,CUST252,54,1,300,300,0,5,4,300.0,True,False,True,False,True,False
253,2023-08-31,CUST253,53,4,500,2000,1,8,3,500.0,False,True,False,False,True,False
254,2023-07-28,CUST254,41,1,500,500,0,7,4,500.0,True,False,True,False,True,False
255,2023-04-08,CUST255,48,1,30,30,0,4,5,30.0,True,True,False,False,True,False
256,2023-02-18,CUST256,23,2,500,1000,1,2,5,500.0,True,True,False,False,False,False
257,2023-02-19,CUST257,19,4,500,2000,1,2,6,500.0,True,False,False,False,False,False
258,2023-12-04,CUST258,37,1,50,50,0,12,0,50.0,False,True,False,True,False,False
259,2023-08-09,CUST259,45,4,50,200,0,8,2,50.0,False,True,False,False,True,False
260,2023-07-01,CUST260,28,2,30,60,0,7,5,30.0,True,False,False,True,False,False
261,2023-08-05,CUST261,21,2,25,50,0,8,5,25.0,True,True,False,False,False,False
262,2023-07-30,CUST262,32,4,30,120,0,7,6,30.0,False,False,False,True,False,False
263,2023-08-28,CUST263,23,2,30,60,0,8,0,30.0,True,False,False,False,False,False
264,2023-01-28,CUST264,47,3,300,900,1,1,5,300.0,True,True,False,False,True,False
265,2023-12-11,CUST265,55,3,300,900,1,12,0,300.0,True,True,False,False,True,False
266,2023-12-01,CUST266,19,2,30,60,0,12,4,30.0,False,False,True,False,False,False
267,2023-11-27,CUST267,32,3,30,90,0,11,0,30.0,False,False,False,True,False,False
268,2023-02-20,CUST268,28,1,30,30,0,2,0,30.0,False,False,True,True,False,False
269,2023-02-01,CUST269,25,4,500,2000,1,2,2,500.0,True,True,False,True,False,False
270,2023-07-26,CUST270,43,1,300,300,0,7,2,300.0,True,False,True,False,True,False
271,2023-06-23,CUST271,62,4,30,120,0,6,4,30.0,False,False,False,False,False,True
272,2023-02-25,CUST272,61,2,50,100,0,2,5,50.0,False,False,True,False,False,True
273,2023-05-08,CUST273,22,1,50,50,0,5,0,50.0,False,False,False,False,False,False
274,2023-04-09,CUST274,23,2,500,1000,1,4,6,500.0,False,True,False,False,False,False
275,2023-04-08,CUST275,43,2,500,1000,1,4,5,500.0,True,True,False,False,True,False
276,2023-10-02,CUST276,21,4,25,100,0,10,0,25.0,False,False,False,False,False,False
277,2023-08-18,CUST277,36,4,25,100,0,8,4,25.0,True,True,False,True,False,False
278,2023-03-13,CUST278,37,4,25,100,0,3,0,25.0,False,True,False,True,False,False
279,2023-08-05,CUST279,50,1,500,500,0,8,5,500.0,True,True,False,False,True,False
280,2023-04-04,CUST280,37,3,500,1500,1,4,1,500.0,False,True,False,True,False,False
281,2023-05-23,CUST281,29,4,500,2000,1,5,1,500.0,False,False,False,True,False,False
282,2023-08-25,CUST282,64,4,50,200,0,8,4,50.0,False,False,True,False,False,True
283,2023-05-08,CUST283,18,1,500,500,0,5,0,500.0,False,False,True,False,False,False
284,2023-02-08,CUST284,43,4,50,200,0,2,2,50.0,True,True,False,False,True,False
285,2023-08-15,CUST285,31,1,25,25,0,8,1,25.0,False,False,True,True,False,False
286,2023-10-09,CUST286,55,2,25,50,0,10,0,25.0,True,False,True,False,True,False
287,2023-02-20,CUST287,54,4,25,100,0,2,0,25.0,True,True,False,False,True,False
288,2023-01-26,CUST288,28,4,30,120,0,1,3,30.0,True,True,False,True,False,False
289,2023-11-30,CUST289,53,2,30,60,0,11,3,30.0,True,False,True,False,True,False
290,2023-10-04,CUST290,30,2,300,600,0,10,2,300.0,False,False,False,True,False,False
291,2023-01-08,CUST291,60,2,300,600,0,1,6,300.0,True,True,False,False,False,True
292,2023-02-17,CUST292,20,4,300,1200,1,2,4,300.0,True,False,False,False,False,False
293,2023-05-02,CUST293,50,3,30,90,0,5,1,30.0,True,False,True,False,True,False
294,2023-03-27,CUST294,23,3,30,90,0,3,0,30.0,False,True,False,False,False,False
295,2023-07-28,CUST295,27,3,300,900,1,7,4,300.0,False,False,False,True,False,False
296,2023-09-06,CUST296,22,4,300,1200,1,9,2,300.0,False,True,False,False,False,False
297,2023-09-04,CUST297,40,2,500,1000,1,9,0,500.0,False,False,True,False,True,False
298,2023-04-20,CUST298,27,4,300,1200,1,4,3,300.0,True,False,False,True,False,False
299,2023-07-25,CUST299,61,2,500,1000,1,7,1,500.0,True,False,True,False,False,True
300,2023-01-31,CUST300,19,4,50,200,0,1,1,50.0,False,False,True,False,False,False
301,2023-03-26,CUST301,30,4,30,120,0,3,6,30.0,True,True,False,True,False,False
302,2023-07-14,CUST302,57,2,300,600,0,7,4,300.0,True,False,False,False,True,False
303,2023-01-02,CUST303,19,3,30,90,0,1,0,30.0,True,False,True,False,False,False
304,2023-07-19,CUST304,37,2,30,60,0,7,2,30.0,False,False,True,True,False,False
305,2023-05-16,CUST305,18,1,30,30,0,5,1,30.0,False,False,False,False,False,False
306,2023-08-21,CUST306,54,1,50,50,0,8,0,50.0,True,False,True,False,True,False
307,2023-05-27,CUST307,26,2,25,50,0,5,5,25.0,False,False,True,True,False,False
308,2023-08-05,CUST308,34,4,300,1200,1,8,5,300.0,False,False,False,True,False,False
309,2023-12-23,CUST309,26,1,25,25,0,12,5,25.0,False,False,False,True,False,False
310,2023-10-12,CUST310,28,1,25,25,0,10,3,25.0,False,False,False,True,False,False
311,2023-12-05,CUST311,32,4,25,100,0,12,1,25.0,False,False,False,True,False,False
312,2023-09-07,CUST312,41,4,30,120,0,9,3,30.0,True,True,False,False,True,False
313,2023-03-21,CUST313,55,3,500,1500,1,3,1,500.0,False,False,False,False,True,False
314,2023-04-08,CUST314,52,4,30,120,0,4,5,30.0,True,True,False,False,True,False
315,2023-06-01,CUST315,47,2,30,60,0,6,3,30.0,True,True,False,False,True,False
316,2023-04-22,CUST316,48,2,25,50,0,4,5,25.0,False,True,False,False,True,False
317,2023-01-30,CUST317,22,3,30,90,0,1,0,30.0,True,False,True,False,False,False
318,2023-10-24,CUST318,61,1,25,25,0,10,1,25.0,True,True,False,False,False,True
319,2023-10-05,CUST319,31,1,500,500,0,10,3,500.0,True,True,False,True,False,False
320,2023-02-01,CUST320,28,4,300,1200,1,2,2,300.0,False,False,True,True,False,False
321,2023-06-10,CUST321,26,2,25,50,0,6,5,25.0,False,False,True,True,False,False
322,2023-01-30,CUST322,51,1,500,500,0,1,0,500.0,True,False,True,False,True,False
323,2023-01-26,CUST323,29,3,300,900,1,1,3,300.0,False,False,False,True,False,False
324,2023-10-27,CUST324,52,3,50,150,0,10,4,50.0,False,False,True,False,True,False
325,2023-09-02,CUST325,52,2,25,50,0,9,5,25.0,False,False,True,False,True,False
326,2023-09-15,CUST326,18,3,25,75,0,9,4,25.0,False,True,False,False,False,False
327,2023-09-29,CUST327,57,3,50,150,0,9,4,50.0,True,False,True,False,True,False
328,2023-03-22,CUST328,39,2,50,100,0,3,2,50.0,True,False,False,True,False,False
329,2023-01-30,CUST329,46,4,25,100,0,1,0,25.0,False,False,True,False,True,False
330,2023-09-18,CUST330,25,4,50,200,0,9,0,50.0,False,False,False,True,False,False
331,2023-02-11,CUST331,28,3,30,90,0,2,5,30.0,True,False,True,True,False,False
332,2023-04-06,CUST332,58,4,300,1200,1,4,3,300.0,True,False,True,False,True,False
333,2023-02-05,CUST333,54,4,300,1200,1,2,6,300.0,False,False,True,False,True,False
334,2023-11-01,CUST334,31,3,300,900,1,11,2,300.0,True,False,True,True,False,False
335,2023-02-04,CUST335,47,4,30,120,0,2,5,30.0,False,False,False,False,True,False
336,2023-12-12,CUST336,52,3,50,150,0,12,1,50.0,False,False,False,False,True,False
337,2023-05-01,CUST337,38,1,500,500,0,5,0,500.0,True,True,False,True,False,False
338,2023-07-26,CUST338,54,2,50,100,0,7,2,50.0,True,False,False,False,True,False
339,2023-03-03,CUST339,22,2,25,50,0,3,4,25.0,False,False,True,False,False,False
340,2023-10-19,CUST340,36,4,300,1200,1,10,3,300.0,False,True,False,True,False,False
341,2023-05-07,CUST341,31,4,50,200,0,5,6,50.0,True,True,False,True,False,False
342,2023-10-24,CUST342,43,4,500,2000,1,10,1,500.0,False,True,False,False,True,False
343,2023-11-01,CUST343,21,2,25,50,0,11,2,25.0,True,False,True,False,False,False
344,2023-01-21,CUST344,42,1,30,30,0,1,5,30.0,False,False,False,False,True,False
345,2023-11-14,CUST345,62,1,30,30,0,11,1,30.0,True,False,True,False,False,True
346,2023-02-11,CUST346,59,2,500,1000,1,2,5,500.0,True,True,False,False,True,False
347,2023-08-03,CUST347,42,1,25,25,0,8,3,25.0,True,False,True,False,True,False
348,2023-12-03,CUST348,35,2,300,600,0,12,6,300.0,False,False,True,True,False,False
349,2023-10-26,CUST349,57,1,50,50,0,10,3,50.0,False,False,False,False,True,False
350,2023-10-17,CUST350,25,3,25,75,0,10,1,25.0,True,False,False,True,False,False
351,2023-09-25,CUST351,56,3,30,90,0,9,0,30.0,False,True,False,False,True,False
352,2023-06-11,CUST352,57,2,500,1000,1,6,6,500.0,True,False,True,False,True,False
353,2023-05-14,CUST353,31,1,500,500,0,5,6,500.0,True,False,True,True,False,False
354,2023-04-15,CUST354,49,4,50,200,0,4,5,50.0,False,False,False,False,True,False
355,2023-12-09,CUST355,55,1,500,500,0,12,5,500.0,False,False,True,False,True,False
356,2023-06-10,CUST356,50,3,500,1500,1,6,5,500.0,True,False,True,False,True,False
357,2023-05-03,CUST357,40,3,25,75,0,5,2,25.0,False,False,True,False,True,False
358,2023-05-16,CUST358,32,1,300,300,0,5,1,300.0,False,False,False,True,False,False
359,2023-07-22,CUST359,50,1,50,50,0,7,5,50.0,True,True,False,False,True,False
360,2023-03-09,CUST360,42,4,25,100,0,3,3,25.0,True,True,False,False,True,False
361,2023-12-10,CUST361,34,4,300,1200,1,12,6,300.0,False,False,True,True,False,False
362,2023-11-27,CUST362,50,1,25,25,0,11,0,25.0,True,True,False,False,True,False
363,2023-06-03,CUST363,64,1,25,25,0,6,5,25.0,True,False,False,False,False,True
364,2023-08-23,CUST364,19,1,500,500,0,8,2,500.0,False,False,False,False,False,False
365,2023-06-11,CUST365,31,1,300,300,0,6,6,300.0,True,True,False,True,False,False
366,2023-02-07,CUST366,57,2,50,100,0,2,1,50.0,True,True,False,False,True,False
367,2023-01-05,CUST367,57,1,50,50,0,1,3,50.0,False,False,True,False,True,False
368,2023-08-23,CUST368,56,4,300,1200,1,8,2,300.0,False,True,False,False,True,False
369,2023-11-15,CUST369,23,3,500,1500,1,11,2,500.0,True,False,True,False,False,False
370,2023-10-16,CUST370,23,2,30,60,0,10,0,30.0,True,False,True,False,False,False
371,2023-02-21,CUST371,20,1,25,25,0,2,1,25.0,False,False,False,False,False,False
372,2023-02-07,CUST372,24,3,500,1500,1,2,1,500.0,False,False,False,False,False,False
373,2023-10-03,CUST373,25,2,300,600,0,10,1,300.0,False,False,False,True,False,False
374,2023-04-20,CUST374,59,3,25,75,0,4,3,25.0,False,False,False,False,True,False
375,2023-09-17,CUST375,32,1,50,50,0,9,6,50.0,True,True,False,True,False,False
376,2023-05-16,CUST376,64,1,30,30,0,5,1,30.0,False,False,False,False,False,True
377,2023-03-09,CUST377,46,4,50,200,0,3,3,50.0,False,True,False,False,True,False
378,2023-06-28,CUST378,50,1,300,300,0,6,2,300.0,True,False,False,False,True,False
379,2023-02-05,CUST379,47,1,25,25,0,2,6,25.0,False,True,False,False,True,False
380,2023-05-06,CUST380,56,2,300,600,0,5,5,300.0,True,False,True,False,True,False
381,2023-07-09,CUST381,44,4,25,100,0,7,6,25.0,False,True,False,False,True,False
382,2023-05-26,CUST382,53,2,500,1000,1,5,4,500.0,False,True,False,False,True,False
383,2023-03-22,CUST383,46,3,30,90,0,3,2,30.0,False,False,False,False,True,False
384,2023-08-13,CUST384,55,1,500,500,0,8,6,500.0,True,True,False,False,True,False
385,2023-10-06,CUST385,50,3,500,1500,1,10,4,500.0,True,False,True,False,True,False
386,2023-12-27,CUST386,54,2,300,600,0,12,2,300.0,False,False,True,False,True,False
387,2023-06-04,CUST387,44,1,30,30,0,6,6,30.0,True,False,False,False,True,False
388,2023-11-10,CUST388,50,1,25,25,0,11,4,25.0,True,False,True,False,True,False
389,2023-12-01,CUST389,21,2,25,50,0,12,4,25.0,True,True,False,False,False,False
390,2023-09-28,CUST390,39,2,50,100,0,9,3,50.0,True,False,True,True,False,False
391,2023-01-05,CUST391,19,2,25,50,0,1,3,25.0,True,False,False,False,False,False
392,2023-12-08,CUST392,27,2,300,600,0,12,4,300.0,True,True,False,True,False,False
393,2023-10-11,CUST393,22,2,500,1000,1,10,2,500.0,False,False,False,False,False,False
394,2023-06-03,CUST394,27,1,500,500,0,6,5,500.0,False,True,False,True,False,False
395,2023-12-06,CUST395,50,2,500,1000,1,12,2,500.0,True,False,True,False,True,False
396,2023-02-23,CUST396,55,1,30,30,0,2,3,30.0,False,False,False,False,True,False
397,2023-03-10,CUST397,30,1,25,25,0,3,4,25.0,False,False,False,True,False,False
398,2023-05-16,CUST398,48,2,300,600,0,5,1,300.0,False,True,False,False,True,False
399,2023-03-01,CUST399,64,2,30,60,0,3,2,30.0,False,False,False,False,False,True
400,2023-02-24,CUST400,53,4,50,200,0,2,4,50.0,True,True,False,False,True,False
401,2023-10-11,CUST401,62,1,300,300,0,10,2,300.0,False,True,False,False,False,True
402,2023-03-21,CUST402,41,2,300,600,0,3,1,300.0,False,True,False,False,True,False
403,2023-05-20,CUST403,32,2,300,600,0,5,5,300.0,True,True,False,True,False,False
404,2023-05-25,CUST404,46,2,500,1000,1,5,3,500.0,True,False,True,False,True,False
405,2023-11-06,CUST405,25,4,300,1200,1,11,0,300.0,False,True,False,True,False,False
406,2023-04-18,CUST406,22,4,25,100,0,4,1,25.0,False,False,False,False,False,False
407,2023-06-25,CUST407,46,3,300,900,1,6,6,300.0,False,False,True,False,True,False
408,2023-04-15,CUST408,64,1,500,500,0,4,5,500.0,False,False,False,False,False,True
409,2023-12-18,CUST409,21,3,300,900,1,12,0,300.0,False,False,True,False,False,False
410,2023-11-21,CUST410,29,2,50,100,0,11,1,50.0,False,True,False,True,False,False
411,2023-05-16,CUST411,62,4,50,200,0,5,1,50.0,True,False,True,False,False,True
412,2023-09-16,CUST412,19,4,500,2000,1,9,5,500.0,False,False,True,False,False,False
413,2023-09-08,CUST413,44,3,25,75,0,9,4,25.0,False,False,False,False,True,False
414,2023-05-09,CUST414,48,4,25,100,0,5,1,25.0,True,False,False,False,True,False
415,2023-01-27,CUST415,53,2,30,60,0,1,4,30.0,True,True,False,False,True,False
416,2023-02-17,CUST416,53,4,500,2000,1,2,4,500.0,True,False,True,False,True,False
417,2023-11-21,CUST417,43,3,300,900,1,11,1,300.0,True,False,True,False,True,False
418,2023-08-05,CUST418,60,2,500,1000,1,8,5,500.0,False,False,True,False,False,True
419,2023-05-22,CUST419,44,3,30,90,0,5,0,30.0,False,True,False,False,True,False
420,2023-01-23,CUST420,22,4,500,2000,1,1,0,500.0,False,True,False,False,False,False
421,2023-01-02,CUST421,37,3,500,1500,1,1,0,500.0,False,True,False,True,False,False
422,2023-06-20,CUST422,28,3,30,90,0,6,1,30.0,False,True,False,True,False,False
423,2023-03-08,CUST423,27,1,25,25,0,3,2,25.0,False,True,False,True,False,False
424,2023-11-23,CUST424,57,4,300,1200,1,11,3,300.0,True,False,False,False,True,False
425,2023-05-15,CUST425,55,4,30,120,0,5,0,30.0,False,False,True,False,True,False
426,2023-03-24,CUST426,23,3,50,150,0,3,4,50.0,True,False,True,False,False,False
427,2023-08-15,CUST427,25,1,25,25,0,8,1,25.0,True,False,True,True,False,False
428,2023-10-10,CUST428,40,4,50,200,0,10,1,50.0,False,False,True,False,True,False
429,2023-12-28,CUST429,64,2,25,50,0,12,3,25.0,True,False,True,False,False,True
430,2023-08-07,CUST430,43,3,300,900,1,8,0,300.0,False,False,True,False,True,False
431,2023-10-15,CUST431,63,4,300,1200,1,10,6,300.0,True,False,True,False,False,True
432,2023-01-05,CUST432,60,2,500,1000,1,1,3,500.0,False,False,True,False,False,True
433,2023-02-27,CUST433,29,4,50,200,0,2,0,50.0,True,False,False,True,False,False
434,2023-02-08,CUST434,43,2,25,50,0,2,2,25.0,False,False,True,False,True,False
435,2023-12-20,CUST435,30,3,300,900,1,12,2,300.0,False,False,False,True,False,False
436,2023-03-18,CUST436,57,4,30,120,0,3,5,30.0,False,True,False,False,True,False
437,2023-10-07,CUST437,35,4,300,1200,1,10,5,300.0,False,False,True,True,False,False
438,2023-01-19,CUST438,42,1,30,30,0,1,3,30.0,False,True,False,False,True,False
439,2023-07-09,CUST439,50,3,25,75,0,7,6,25.0,True,True,False,False,True,False
440,2023-10-26,CUST440,64,2,300,600,0,10,3,300.0,True,True,False,False,False,True
441,2023-10-10,CUST441,57,4,300,1200,1,10,1,300.0,True,False,False,False,True,False
442,2023-03-17,CUST442,60,4,25,100,0,3,4,25.0,False,True,False,False,False,True
443,2023-08-09,CUST443,29,2,300,600,0,8,2,300.0,True,True,False,True,False,False
444,2023-03-07,CUST444,61,3,30,90,0,3,1,30.0,False,True,False,False,False,True
445,2023-01-22,CUST445,53,1,300,300,0,1,6,300.0,False,False,True,False,True,False
446,2023-06-07,CUST446,21,1,50,50,0,6,2,50.0,True,False,True,False,False,False
447,2023-07-06,CUST447,22,4,500,2000,1,7,3,500.0,True,False,False,False,False,False
448,2023-01-21,CUST448,54,2,30,60,0,1,5,30.0,False,False,False,False,True,False
449,2023-07-03,CUST449,25,4,50,200,0,7,0,50.0,True,False,True,True,False,False
450,2023-04-18,CUST450,59,2,25,50,0,4,1,25.0,False,False,False,False,True,False
451,2023-12-16,CUST451,45,1,30,30,0,12,5,30.0,False,False,True,False,True,False
452,2023-05-08,CUST452,48,3,500,1500,1,5,0,500.0,False,True,False,False,True,False
453,2023-12-08,CUST453,26,2,500,1000,1,12,4,500.0,False,True,False,True,False,False
454,2023-02-22,CUST454,46,1,25,25,0,2,2,25.0,False,False,False,False,True,False
455,2023-07-01,CUST455,31,4,25,100,0,7,5,25.0,True,False,True,True,False,False
456,2023-10-14,CUST456,57,2,30,60,0,10,5,30.0,True,False,True,False,True,False
457,2023-07-28,CUST457,58,3,300,900,1,7,4,300.0,False,False,False,False,True,False
458,2023-11-14,CUST458,39,4,25,100,0,11,1,25.0,False,False,True,True,False,False
459,2023-03-21,CUST459,28,4,300,1200,1,3,1,300.0,True,True,False,True,False,False
460,2023-05-02,CUST460,40,1,50,50,0,5,1,50.0,True,False,False,False,True,False
461,2023-03-25,CUST461,18,2,500,1000,1,3,5,500.0,False,False,False,False,False,False
462,2023-04-01,CUST462,63,4,300,1200,1,4,5,300.0,True,False,True,False,False,True
463,2023-07-31,CUST463,54,3,500,1500,1,7,0,500.0,False,False,False,False,True,False
464,2023-01-13,CUST464,38,2,300,600,0,1,4,300.0,True,False,True,True,False,False
465,2023-04-02,CUST465,43,3,50,150,0,4,6,50.0,False,False,True,False,True,False
466,2023-06-20,CUST466,63,4,25,100,0,6,1,25.0,True,False,True,False,False,True
467,2023-07-30,CUST467,53,3,50,150,0,7,6,50.0,False,False,True,False,True,False
468,2023-12-09,CUST468,40,1,25,25,0,12,5,25.0,True,False,True,False,True,False
469,2023-05-08,CUST469,18,3,25,75,0,5,0,25.0,True,False,False,False,False,False
470,2023-05-17,CUST470,57,2,500,1000,1,5,2,500.0,False,True,False,False,True,False
471,2023-03-23,CUST471,32,3,50,150,0,3,3,50.0,True,True,False,True,False,False
472,2023-12-26,CUST472,38,3,300,900,1,12,1,300.0,False,False,False,True,False,False
473,2023-02-25,CUST473,64,1,50,50,0,2,5,50.0,True,False,False,False,False,True
474,2023-07-15,CUST474,26,3,500,1500,1,7,5,500.0,False,True,False,True,False,False
475,2023-01-20,CUST475,26,3,25,75,0,1,4,25.0,True,True,False,True,False,False
476,2023-08-29,CUST476,27,4,500,2000,1,8,1,500.0,False,True,False,True,False,False
477,2023-04-24,CUST477,43,4,30,120,0,4,0,30.0,True,True,False,False,True,False
478,2023-04-13,CUST478,58,2,30,60,0,4,3,30.0,False,True,False,False,True,False
479,2023-08-24,CUST479,52,4,300,1200,1,8,3,300.0,True,False,True,False,True,False
480,2023-06-29,CUST480,42,4,500,2000,1,6,3,500.0,False,False,False,False,True,False
481,2023-06-06,CUST481,43,4,300,1200,1,6,1,300.0,False,False,True,False,True,False
482,2023-04-27,CUST482,28,4,300,1200,1,4,3,300.0,False,True,False,True,False,False
483,2023-04-25,CUST483,55,1,30,30,0,4,1,30.0,True,True,False,False,True,False
484,2023-01-13,CUST484,19,4,300,1200,1,1,4,300.0,False,True,False,False,False,False
485,2023-12-04,CUST485,24,1,30,30,0,12,0,30.0,True,False,True,False,False,False
486,2023-04-09,CUST486,35,1,25,25,0,4,6,25.0,False,False,True,True,False,False
487,2023-07-24,CUST487,44,4,500,2000,1,7,0,500.0,True,True,False,False,True,False
488,2023-06-18,CUST488,51,3,300,900,1,6,6,300.0,False,False,True,False,True,False
489,2023-05-23,CUST489,44,1,30,30,0,5,1,30.0,True,False,True,False,True,False
490,2023-02-05,CUST490,34,3,50,150,0,2,6,50.0,True,True,False,True,False,False
491,2023-05-23,CUST491,60,3,300,900,1,5,1,300.0,False,False,True,False,False,True
492,2023-06-29,CUST492,61,4,25,100,0,6,3,25.0,True,False,False,False,False,True
493,2023-11-25,CUST493,41,2,25,50,0,11,5,25.0,True,False,False,False,True,False
494,2023-09-18,CUST494,42,4,50,200,0,9,0,50.0,False,False,False,False,True,False
495,2023-07-24,CUST495,24,2,30,60,0,7,0,30.0,True,False,False,False,False,False
496,2023-12-14,CUST496,23,2,300,600,0,12,3,300.0,True,True,False,False,False,False
497,2023-10-02,CUST497,41,4,30,120,0,10,0,30.0,True,True,False,False,True,False
498,2023-06-19,CUST498,50,4,25,100,0,6,0,25.0,False,True,False,False,True,False
499,2023-01-15,CUST499,46,2,30,60,0,1,6,30.0,True,False,False,False,True,False
500,2023-03-01,CUST500,60,4,25,100,0,3,2,25.0,False,False,False,False,False,True
501,2023-05-14,CUST501,39,2,30,60,0,5,6,30.0,True,False,True,True,False,False
502,2023-04-02,CUST502,43,3,50,150,0,4,6,50.0,True,False,True,False,True,False
503,2023-10-25,CUST503,45,4,500,2000,1,10,2,500.0,True,False,False,False,True,False
504,2023-05-16,CUST504,38,3,50,150,0,5,1,50.0,False,False,False,True,False,False
505,2023-01-20,CUST505,24,1,50,50,0,1,4,50.0,True,False,False,False,False,False
506,2023-02-25,CUST506,34,3,500,1500,1,2,5,500.0,True,False,False,True,False,False
507,2023-11-02,CUST507,37,3,500,1500,1,11,3,500.0,False,False,True,True,False,False
508,2023-08-11,CUST508,58,2,300,600,0,8,4,300.0,True,False,False,False,True,False
509,2023-06-26,CUST509,37,3,300,900,1,6,0,300.0,False,False,True,True,False,False
510,2023-06-10,CUST510,39,4,50,200,0,6,5,50.0,False,False,False,True,False,False
511,2023-08-12,CUST511,45,2,50,100,0,8,5,50.0,True,False,False,False,True,False
512,2023-11-07,CUST512,57,1,25,25,0,11,1,25.0,False,False,False,False,True,False
513,2023-09-19,CUST513,24,4,25,100,0,9,1,25.0,True,False,True,False,False,False
514,2023-03-01,CUST514,18,1,300,300,0,3,2,300.0,False,False,True,False,False,False
515,2023-07-17,CUST515,49,3,300,900,1,7,0,300.0,False,True,False,False,True,False
516,2023-10-23,CUST516,30,4,25,100,0,10,0,25.0,True,False,False,True,False,False
517,2023-04-08,CUST517,47,4,25,100,0,4,5,25.0,False,True,False,False,True,False
518,2023-05-11,CUST518,40,1,30,30,0,5,3,30.0,False,True,False,False,True,False
519,2023-01-23,CUST519,36,4,30,120,0,1,0,30.0,False,False,True,True,False,False
520,2023-12-29,CUST520,49,4,25,100,0,12,4,25.0,False,False,True,False,True,False
521,2023-08-12,CUST521,47,4,30,120,0,8,5,30.0,False,True,False,False,True,False
522,2023-01-01,CUST522,46,3,500,1500,1,1,6,500.0,True,False,False,False,True,False
523,2023-09-24,CUST523,62,1,300,300,0,9,6,300.0,False,False,True,False,False,True
524,2023-10-03,CUST524,46,4,300,1200,1,10,1,300.0,True,False,False,False,True,False
525,2023-12-18,CUST525,47,2,25,50,0,12,0,25.0,False,False,False,False,True,False
526,2023-12-10,CUST526,33,2,50,100,0,12,6,50.0,True,True,False,True,False,False
527,2023-04-11,CUST527,57,2,25,50,0,4,1,25.0,True,True,False,False,True,False
528,2023-07-06,CUST528,36,2,30,60,0,7,3,30.0,False,True,False,True,False,False
529,2023-08-09,CUST529,35,3,50,150,0,8,2,50.0,False,True,False,True,False,False
530,2023-02-05,CUST530,18,4,30,120,0,2,6,30.0,False,False,True,False,False,False
531,2023-12-07,CUST531,31,1,500,500,0,12,3,500.0,True,False,True,True,False,False
532,2023-06-19,CUST532,64,4,30,120,0,6,0,30.0,False,True,False,False,False,True
533,2023-11-16,CUST533,19,3,500,1500,1,11,3,500.0,True,False,True,False,False,False
534,2023-06-10,CUST534,45,2,500,1000,1,6,5,500.0,True,True,False,False,True,False
535,2023-12-06,CUST535,47,3,30,90,0,12,2,30.0,True,False,False,False,True,False
536,2023-03-05,CUST536,55,4,30,120,0,3,6,30.0,False,False,False,False,True,False
537,2023-06-03,CUST537,21,1,500,500,0,6,5,500.0,False,False,False,False,False,False
538,2023-09-17,CUST538,18,3,50,150,0,9,6,50.0,True,True,False,False,False,False
539,2023-06-08,CUST539,25,1,500,500,0,6,3,500.0,True,False,False,True,False,False
540,2023-12-08,CUST540,46,3,300,900,1,12,4,300.0,False,False,True,False,True,False
541,2023-07-29,CUST541,56,1,500,500,0,7,5,500.0,True,False,False,False,True,False
542,2023-06-17,CUST542,20,1,50,50,0,6,5,50.0,False,False,False,False,False,False
543,2023-07-26,CUST543,49,2,300,600,0,7,2,300.0,True,False,False,False,True,False
544,2023-12-23,CUST544,27,1,25,25,0,12,5,25.0,False,False,True,True,False,False
545,2023-06-01,CUST545,27,2,25,50,0,6,3,25.0,True,True,False,True,False,False
546,2023-10-11,CUST546,36,4,50,200,0,10,2,50.0,False,False,True,True,False,False
547,2023-03-07,CUST547,63,4,500,2000,1,3,1,500.0,True,True,False,False,False,True
548,2023-04-09,CUST548,51,2,30,60,0,4,6,30.0,False,True,False,False,True,False
549,2023-08-04,CUST549,50,2,50,100,0,8,4,50.0,False,False,False,False,True,False
550,2023-12-07,CUST550,40,3,300,900,1,12,3,300.0,True,True,False,False,True,False
551,2023-07-14,CUST551,45,3,300,900,1,7,4,300.0,True,False,True,False,True,False
552,2023-12-13,CUST552,49,3,25,75,0,12,2,25.0,False,False,True,False,True,False
553,2023-03-31,CUST553,24,4,300,1200,1,3,4,300.0,True,True,False,False,False,False
554,2023-11-12,CUST554,46,3,50,150,0,11,6,50.0,False,False,False,False,True,False
555,2023-10-19,CUST555,25,1,300,300,0,10,3,300.0,True,False,False,True,False,False
556,2023-06-04,CUST556,18,1,50,50,0,6,6,50.0,False,False,True,False,False,False
557,2023-07-27,CUST557,20,3,30,90,0,7,3,30.0,False,False,False,False,False,False
558,2023-10-08,CUST558,41,1,25,25,0,10,6,25.0,False,True,False,False,True,False
559,2023-01-01,CUST559,40,4,300,1200,1,1,6,300.0,False,True,False,False,True,False
560,2023-06-05,CUST560,25,1,50,50,0,6,0,50.0,False,False,True,True,False,False
561,2023-05-27,CUST561,64,4,500,2000,1,5,5,500.0,False,True,False,False,False,True
562,2023-04-18,CUST562,54,2,25,50,0,4,1,25.0,True,False,True,False,True,False
563,2023-08-09,CUST563,20,2,30,60,0,8,2,30.0,True,True,False,False,False,False
564,2023-10-24,CUST564,50,2,50,100,0,10,1,50.0,True,False,True,False,True,False
565,2023-11-07,CUST565,45,2,30,60,0,11,1,30.0,False,False,False,False,True,False
566,2023-12-02,CUST566,64,1,30,30,0,12,5,30.0,False,True,False,False,False,True
567,2023-06-14,CUST567,25,3,300,900,1,6,2,300.0,False,True,False,True,False,False
568,2023-08-27,CUST568,51,1,300,300,0,8,6,300.0,False,False,True,False,True,False
569,2023-08-15,CUST569,52,4,50,200,0,8,1,50.0,True,False,True,False,True,False
570,2023-08-15,CUST570,49,1,500,500,0,8,1,500.0,True,True,False,False,True,False
571,2023-12-12,CUST571,41,1,50,50,0,12,1,50.0,False,False,True,False,True,False
572,2023-04-20,CUST572,31,4,500,2000,1,4,3,500.0,True,True,False,True,False,False
573,2023-09-19,CUST573,49,2,30,60,0,9,1,30.0,True,False,False,False,True,False
574,2023-08-31,CUST574,63,2,25,50,0,8,3,25.0,False,False,True,False,False,True
575,2023-03-28,CUST575,60,2,50,100,0,3,1,50.0,True,True,False,False,False,True
576,2023-12-04,CUST576,33,3,50,150,0,12,0,50.0,False,False,False,True,False,False
577,2023-02-13,CUST577,21,4,500,2000,1,2,0,500.0,True,False,False,False,False,False
578,2023-05-26,CUST578,54,4,30,120,0,5,4,30.0,False,True,False,False,True,False
579,2023-09-21,CUST579,38,1,30,30,0,9,3,30.0,False,False,True,True,False,False
580,2023-12-06,CUST580,31,3,500,1500,1,12,2,500.0,False,True,False,True,False,False
581,2023-11-21,CUST581,48,2,30,60,0,11,1,30.0,False,False,False,False,True,False
582,2023-11-14,CUST582,35,3,300,900,1,11,1,300.0,True,True,False,True,False,False
583,2023-06-21,CUST583,24,4,25,100,0,6,2,25.0,False,False,True,False,False,False
584,2023-02-17,CUST584,27,4,50,200,0,2,4,50.0,False,False,False,True,False,False
585,2023-05-01,CUST585,24,1,25,25,0,5,0,25.0,False,True,False,False,False,False
586,2023-12-11,CUST586,50,1,50,50,0,12,0,50.0,True,False,True,False,True,False
587,2023-06-08,CUST587,40,4,300,1200,1,6,3,300.0,False,False,False,False,True,False
588,2023-04-26,CUST588,38,2,30,60,0,4,2,30.0,True,False,True,True,False,False
589,2023-04-12,CUST589,36,2,500,1000,1,4,2,500.0,False,False,False,True,False,False
590,2023-03-17,CUST590,36,3,300,900,1,3,4,300.0,True,True,False,True,False,False
591,2023-01-13,CUST591,53,4,25,100,0,1,4,25.0,True,False,True,False,True,False
592,2023-01-24,CUST592,46,4,500,2000,1,1,1,500.0,False,False,False,False,True,False
593,2023-05-06,CUST593,35,2,30,60,0,5,5,30.0,True,False,True,True,False,False
594,2023-09-01,CUST594,19,2,300,600,0,9,4,300.0,False,False,True,False,False,False
595,2023-11-09,CUST595,18,4,500,2000,1,11,3,500.0,False,True,False,False,False,False
596,2023-02-07,CUST596,64,1,300,300,0,2,1,300.0,False,False,True,False,False,True
597,2023-08-22,CUST597,22,4,300,1200,1,8,1,300.0,True,False,False,False,False,False
598,2023-08-01,CUST598,37,4,30,120,0,8,1,30.0,True,False,False,True,False,False
599,2023-11-19,CUST599,28,2,50,100,0,11,6,50.0,False,False,False,True,False,False
600,2023-10-22,CUST600,59,2,500,1000,1,10,6,500.0,False,False,False,False,True,False
601,2023-04-10,CUST601,19,1,30,30,0,4,0,30.0,True,True,False,False,False,False
602,2023-12-23,CUST602,20,1,300,300,0,12,5,300.0,False,False,True,False,False,False
603,2023-07-16,CUST603,40,3,30,90,0,7,6,30.0,False,True,False,False,True,False
604,2023-09-11,CUST604,29,4,50,200,0,9,0,50.0,False,False,True,True,False,False
605,2023-07-24,CUST605,37,2,500,1000,1,7,0,500.0,True,False,True,True,False,False
606,2023-05-05,CUST606,22,1,50,50,0,5,4,50.0,True,False,True,False,False,False
607,2023-03-17,CUST607,54,3,25,75,0,3,4,25.0,True,True,False,False,True,False
608,2023-12-02,CUST608,55,3,500,1500,1,12,5,500.0,False,False,True,False,True,False
609,2023-12-19,CUST609,47,2,50,100,0,12,1,50.0,False,True,False,False,True,False
610,2023-01-03,CUST610,26,2,300,600,0,1,1,300.0,False,False,False,True,False,False
611,2023-02-24,CUST611,51,3,500,1500,1,2,4,500.0,True,False,False,False,True,False
612,2023-08-06,CUST612,61,1,500,500,0,8,6,500.0,False,False,True,False,False,True
613,2023-04-23,CUST613,52,3,30,90,0,4,6,30.0,False,True,False,False,True,False
614,2023-04-01,CUST614,39,4,300,1200,1,4,5,300.0,False,False,False,True,False,False
615,2023-12-23,CUST615,61,4,25,100,0,12,5,25.0,False,True,False,False,False,True
616,2023-09-23,CUST616,41,2,50,100,0,9,5,50.0,True,True,False,False,True,False
617,2023-08-26,CUST617,34,1,30,30,0,8,5,30.0,True,False,True,True,False,False
618,2023-01-26,CUST618,27,1,50,50,0,1,3,50.0,False,False,False,True,False,False
619,2023-10-13,CUST619,47,4,25,100,0,10,4,25.0,True,False,True,False,True,False
620,2023-05-08,CUST620,63,3,25,75,0,5,0,25.0,True,False,True,False,False,True
621,2023-03-04,CUST621,40,2,500,1000,1,3,5,500.0,False,False,False,False,True,False
622,2023-08-22,CUST622,49,3,25,75,0,8,1,25.0,False,False,False,False,True,False
623,2023-03-10,CUST623,34,3,50,150,0,3,4,50.0,True,True,False,True,False,False
624,2023-08-26,CUST624,34,3,300,900,1,8,5,300.0,False,False,False,True,False,False
625,2023-12-08,CUST625,31,1,300,300,0,12,4,300.0,True,True,False,True,False,False
626,2023-09-29,CUST626,26,4,500,2000,1,9,4,500.0,False,True,False,True,False,False
627,2023-10-14,CUST627,57,1,50,50,0,10,5,50.0,True,True,False,False,True,False
628,2023-11-01,CUST628,19,4,50,200,0,11,2,50.0,False,False,False,False,False,False
629,2023-06-12,CUST629,62,2,25,50,0,6,0,25.0,True,False,True,False,False,True
630,2023-08-15,CUST630,42,2,50,100,0,8,1,50.0,True,True,False,False,True,False
631,2023-11-10,CUST631,56,3,30,90,0,11,4,30.0,True,False,True,False,True,False
632,2023-09-16,CUST632,26,4,25,100,0,9,5,25.0,False,False,True,True,False,False
633,2023-08-07,CUST633,39,4,30,120,0,8,0,30.0,True,False,False,True,False,False
634,2023-10-08,CUST634,60,4,500,2000,1,10,6,500.0,True,False,True,False,False,True
635,2023-08-17,CUST635,63,3,300,900,1,8,3,300.0,False,False,True,False,False,True
636,2023-03-23,CUST636,21,3,500,1500,1,3,3,500.0,False,False,False,False,False,False
637,2023-09-01,CUST637,43,2,300,600,0,9,4,300.0,True,True,False,False,True,False
638,2023-08-19,CUST638,46,1,500,500,0,8,5,500.0,True,False,True,False,True,False
639,2023-05-13,CUST639,62,4,50,200,0,5,5,50.0,False,False,False,False,False,True
640,2023-05-07,CUST640,51,4,30,120,0,5,6,30.0,False,False,True,False,True,False
641,2023-11-23,CUST641,40,1,300,300,0,11,3,300.0,False,False,True,False,True,False
642,2023-05-22,CUST642,54,4,25,100,0,5,0,25.0,False,True,False,False,True,False
643,2023-09-24,CUST643,28,3,30,90,0,9,6,30.0,False,False,True,True,False,False
644,2023-09-06,CUST644,23,3,25,75,0,9,2,25.0,True,False,False,False,False,False
645,2023-11-17,CUST645,35,4,30,120,0,11,4,30.0,False,False,True,True,False,False
646,2023-05-03,CUST646,38,3,30,90,0,5,2,30.0,True,True,False,True,False,False
647,2023-05-21,CUST647,59,3,500,1500,1,5,6,500.0,True,True,False,False,True,False
648,2023-08-14,CUST648,53,4,300,1200,1,8,0,300.0,True,False,False,False,True,False
649,2023-02-09,CUST649,58,2,300,600,0,2,3,300.0,False,True,False,False,True,False
650,2024-01-01,CUST650,55,1,30,30,0,1,0,30.0,True,False,True,False,True,False
651,2023-05-27,CUST651,51,3,50,150,0,5,5,50.0,True,True,False,False,True,False
652,2023-05-01,CUST652,34,2,50,100,0,5,0,50.0,False,False,False,True,False,False
653,2023-05-20,CUST653,54,3,25,75,0,5,5,25.0,True,True,False,False,True,False
654,2023-06-21,CUST654,42,3,25,75,0,6,2,25.0,True,True,False,False,True,False
655,2023-06-13,CUST655,55,1,500,500,0,6,1,500.0,False,True,False,False,True,False
656,2023-10-04,CUST656,29,3,30,90,0,10,2,30.0,True,False,False,True,False,False
657,2023-02-11,CUST657,40,1,25,25,0,2,5,25.0,True,True,False,False,True,False
658,2023-03-12,CUST658,59,1,25,25,0,3,6,25.0,True,True,False,False,True,False
659,2023-03-19,CUST659,39,1,30,30,0,3,6,30.0,False,False,True,True,False,False
660,2023-04-29,CUST660,38,2,500,1000,1,4,5,500.0,False,False,False,True,False,False
661,2023-07-16,CUST661,44,4,25,100,0,7,6,25.0,False,True,False,False,True,False
662,2023-12-22,CUST662,48,2,500,1000,1,12,4,500.0,True,False,False,False,True,False
663,2023-03-20,CUST663,23,4,300,1200,1,3,0,300.0,True,True,False,False,False,False
664,2023-12-28,CUST664,44,4,500,2000,1,12,3,500.0,False,True,False,False,True,False
665,2023-04-20,CUST665,57,1,50,50,0,4,3,50.0,True,True,False,False,True,False
666,2023-02-02,CUST666,51,3,50,150,0,2,3,50.0,True,False,True,False,True,False
667,2023-08-01,CUST667,29,1,500,500,0,8,1,500.0,False,False,True,True,False,False
668,2023-07-28,CUST668,62,3,50,150,0,7,4,50.0,False,False,True,False,False,True
669,2023-06-19,CUST669,24,4,300,1200,1,6,0,300.0,True,False,False,False,False,False
670,2023-10-05,CUST670,27,1,30,30,0,10,3,30.0,True,False,False,True,False,False
671,2023-08-27,CUST671,62,3,50,150,0,8,6,50.0,True,False,True,False,False,True
672,2023-08-01,CUST672,34,2,50,100,0,8,1,50.0,False,False,False,True,False,False
673,2023-02-01,CUST673,43,3,500,1500,1,2,2,500.0,False,True,False,False,True,False
674,2023-04-16,CUST674,38,1,300,300,0,4,6,300.0,False,True,False,True,False,False
675,2023-08-04,CUST675,45,2,30,60,0,8,4,30.0,False,True,False,False,True,False
676,2023-07-19,CUST676,63,3,500,1500,1,7,2,500.0,True,False,True,False,False,True
677,2023-10-27,CUST677,19,3,500,1500,1,10,4,500.0,False,False,False,False,False,False
678,2023-12-23,CUST678,60,3,300,900,1,12,5,300.0,False,False,True,False,False,True
679,2023-01-11,CUST679,18,3,30,90,0,1,2,30.0,False,False,False,False,False,False
680,2023-10-22,CUST680,53,3,300,900,1,10,6,300.0,False,True,False,False,True,False
681,2023-07-14,CUST681,43,2,30,60,0,7,4,30.0,False,False,True,False,True,False
682,2023-09-02,CUST682,46,4,300,1200,1,9,5,300.0,True,False,False,False,True,False
683,2023-01-04,CUST683,38,2,500,1000,1,1,2,500.0,True,False,False,True,False,False
684,2023-06-30,CUST684,28,2,500,1000,1,6,4,500.0,False,True,False,True,False,False
685,2023-06-02,CUST685,57,2,25,50,0,6,4,25.0,True,False,True,False,True,False
686,2023-07-19,CUST686,28,4,50,200,0,7,2,50.0,False,False,True,True,False,False
687,2023-08-03,CUST687,53,1,300,300,0,8,3,300.0,False,False,True,False,True,False
688,2023-10-03,CUST688,56,4,25,100,0,10,1,25.0,True,True,False,False,True,False
689,2023-10-07,CUST689,57,2,50,100,0,10,5,50.0,True,False,True,False,True,False
690,2023-11-05,CUST690,52,3,300,900,1,11,6,300.0,False,True,False,False,True,False
691,2023-04-23,CUST691,51,3,30,90,0,4,6,30.0,False,True,False,False,True,False
692,2023-09-07,CUST692,64,2,50,100,0,9,3,50.0,False,True,False,False,False,True
693,2023-04-23,CUST693,41,3,500,1500,1,4,6,500.0,True,False,False,False,True,False
694,2023-05-20,CUST694,39,2,25,50,0,5,5,25.0,False,False,True,True,False,False
695,2023-08-12,CUST695,22,3,50,150,0,8,5,50.0,False,False,True,False,False,False
696,2023-09-06,CUST696,50,4,50,200,0,9,2,50.0,False,True,False,False,True,False
697,2023-01-15,CUST697,53,1,500,500,0,1,6,500.0,True,True,False,False,True,False
698,2023-07-19,CUST698,64,1,300,300,0,7,2,300.0,False,False,True,False,False,True
699,2023-06-22,CUST699,37,4,30,120,0,6,3,30.0,False,True,False,True,False,False
700,2023-12-09,CUST700,36,4,500,2000,1,12,5,500.0,True,False,True,True,False,False
701,2023-12-14,CUST701,52,2,30,60,0,12,3,30.0,False,False,False,False,True,False
702,2023-07-27,CUST702,60,2,300,600,0,7,3,300.0,False,True,False,False,False,True
703,2023-03-26,CUST703,34,2,50,100,0,3,6,50.0,True,False,True,True,False,False
704,2023-08-28,CUST704,62,3,30,90,0,8,0,30.0,False,True,False,False,False,True
705,2023-03-07,CUST705,60,2,25,50,0,3,1,25.0,True,False,True,False,False,True
706,2023-11-15,CUST706,51,4,25,100,0,11,2,25.0,True,False,True,False,True,False
707,2023-10-01,CUST707,26,1,500,500,0,10,6,500.0,False,True,False,True,False,False
708,2023-01-14,CUST708,43,3,300,900,1,1,5,300.0,False,False,False,False,True,False
709,2023-07-21,CUST709,19,2,500,1000,1,7,4,500.0,False,False,True,False,False,False
710,2023-10-31,CUST710,26,3,500,1500,1,10,1,500.0,False,False,True,True,False,False
711,2023-10-16,CUST711,26,3,500,1500,1,10,0,500.0,True,False,True,True,False,False
712,2023-12-06,CUST712,57,2,25,50,0,12,2,25.0,False,False,False,False,True,False
713,2023-01-14,CUST713,34,3,25,75,0,1,5,25.0,True,False,False,True,False,False
714,2023-02-12,CUST714,18,1,500,500,0,2,6,500.0,False,True,False,False,False,False
715,2023-11-26,CUST715,42,4,25,100,0,11,6,25.0,False,False,False,False,True,False
716,2023-08-08,CUST716,60,4,300,1200,1,8,1,300.0,False,True,False,False,False,True
717,2023-03-11,CUST717,57,1,500,500,0,3,5,500.0,True,True,False,False,True,False
718,2023-08-25,CUST718,59,3,25,75,0,8,4,25.0,False,False,False,False,True,False
719,2023-04-04,CUST719,42,2,30,60,0,4,1,30.0,False,True,False,False,True,False
720,2023-01-26,CUST720,56,3,500,1500,1,1,3,500.0,False,False,False,False,True,False
721,2023-05-14,CUST721,52,1,500,500,0,5,6,500.0,False,True,False,False,True,False
722,2023-07-14,CUST722,20,3,300,900,1,7,4,300.0,True,False,False,False,False,False
723,2023-06-17,CUST723,54,4,50,200,0,6,5,50.0,False,False,False,False,True,False
724,2023-04-19,CUST724,61,3,50,150,0,4,2,50.0,True,True,False,False,False,True
725,2023-08-21,CUST725,61,1,300,300,0,8,0,300.0,True,False,True,False,False,True
726,2023-06-17,CUST726,47,4,300,1200,1,6,5,300.0,True,True,False,False,True,False
727,2023-06-22,CUST727,55,3,300,900,1,6,3,300.0,True,False,False,False,True,False
728,2023-07-14,CUST728,51,3,50,150,0,7,4,50.0,True,False,True,False,True,False
729,2023-05-23,CUST729,29,4,300,1200,1,5,1,300.0,True,True,False,True,False,False
730,2023-08-04,CUST730,36,2,25,50,0,8,4,25.0,False,True,False,True,False,False
731,2023-05-10,CUST731,54,4,500,2000,1,5,2,500.0,True,True,False,False,True,False
732,2023-02-11,CUST732,61,2,500,1000,1,2,5,500.0,True,False,True,False,False,True
733,2023-08-29,CUST733,34,1,30,30,0,8,1,30.0,True,False,False,True,False,False
734,2023-01-10,CUST734,27,1,30,30,0,1,1,30.0,False,True,False,True,False,False
735,2023-10-04,CUST735,64,4,500,2000,1,10,2,500.0,False,True,False,False,False,True
736,2023-01-27,CUST736,29,4,25,100,0,1,4,25.0,True,True,False,True,False,False
737,2023-06-29,CUST737,33,1,50,50,0,6,3,50.0,False,True,False,True,False,False
738,2023-04-25,CUST738,41,2,50,100,0,4,1,50.0,True,True,False,False,True,False
739,2023-11-29,CUST739,36,1,25,25,0,11,2,25.0,True,False,False,True,False,False
740,2023-02-05,CUST740,25,4,50,200,0,2,6,50.0,False,False,False,True,False,False
741,2023-11-30,CUST741,48,1,300,300,0,11,3,300.0,True,True,False,False,True,False
742,2023-01-21,CUST742,38,4,500,2000,1,1,5,500.0,False,False,True,True,False,False
743,2023-01-16,CUST743,34,4,500,2000,1,1,0,500.0,False,False,False,True,False,False
744,2023-05-07,CUST744,40,1,25,25,0,5,6,25.0,True,False,True,False,True,False
745,2023-04-13,CUST745,54,2,50,100,0,4,3,50.0,True,False,False,False,True,False
746,2023-01-11,CUST746,33,3,30,90,0,1,2,30.0,False,True,False,True,False,False
747,2023-11-15,CUST747,23,1,30,30,0,11,2,30.0,True,False,False,False,False,False
748,2023-03-20,CUST748,25,3,50,150,0,3,0,50.0,True,True,False,True,False,False
749,2023-05-03,CUST749,42,1,30,30,0,5,2,30.0,True,False,False,False,True,False
750,2023-03-06,CUST750,35,3,25,75,0,3,0,25.0,False,True,False,True,False,False
751,2023-08-31,CUST751,42,2,25,50,0,8,3,25.0,False,True,False,False,True,False
752,2023-12-09,CUST752,29,2,50,100,0,12,5,50.0,True,True,False,True,False,False
753,2023-02-28,CUST753,32,1,30,30,0,2,1,30.0,False,True,False,True,False,False
754,2023-10-16,CUST754,43,4,25,100,0,10,0,25.0,False,False,True,False,True,False
755,2023-04-22,CUST755,58,3,25,75,0,4,5,25.0,False,True,False,False,True,False
756,2023-08-27,CUST756,62,4,300,1200,1,8,6,300.0,False,False,True,False,False,True
757,2023-12-25,CUST757,43,4,300,1200,1,12,0,300.0,False,False,True,False,True,False
758,2023-05-12,CUST758,64,4,25,100,0,5,4,25.0,True,True,False,False,False,True
759,2023-07-08,CUST759,49,2,50,100,0,7,5,50.0,True,False,True,False,True,False
760,2023-03-27,CUST760,27,1,500,500,0,3,0,500.0,True,False,False,True,False,False
761,2023-11-07,CUST761,33,1,500,500,0,11,1,500.0,False,True,False,True,False,False
762,2023-11-07,CUST762,24,2,25,50,0,11,1,25.0,False,False,True,False,False,False
763,2023-02-28,CUST763,34,2,25,50,0,2,1,25.0,True,True,False,True,False,False
764,2023-03-25,CUST764,40,1,25,25,0,3,5,25.0,False,True,False,False,True,False
765,2023-06-09,CUST765,43,4,50,200,0,6,4,50.0,True,True,False,False,True,False
766,2023-02-25,CUST766,38,3,300,900,1,2,5,300.0,True,False,True,True,False,False
767,2023-10-24,CUST767,39,3,25,75,0,10,1,25.0,True,False,False,True,False,False
768,2023-01-14,CUST768,24,3,25,75,0,1,5,25.0,False,False,False,False,False,False
769,2023-06-09,CUST769,31,4,30,120,0,6,4,30.0,False,False,True,True,False,False
770,2023-10-22,CUST770,32,1,50,50,0,10,6,50.0,True,True,False,True,False,False
771,2023-12-13,CUST771,24,2,25,50,0,12,2,25.0,True,False,True,False,False,False
772,2023-07-12,CUST772,26,1,30,30,0,7,2,30.0,True,False,True,True,False,False
773,2023-07-23,CUST773,25,4,500,2000,1,7,6,500.0,True,False,True,True,False,False
774,2023-04-12,CUST774,40,2,25,50,0,4,2,25.0,False,True,False,False,True,False
775,2023-02-08,CUST775,46,4,25,100,0,2,2,25.0,False,False,True,False,True,False
776,2023-10-31,CUST776,35,3,30,90,0,10,1,30.0,True,True,False,True,False,False
777,2023-12-20,CUST777,48,3,50,150,0,12,2,50.0,True,False,True,False,True,False
778,2023-11-18,CUST778,47,4,25,100,0,11,5,25.0,False,False,False,False,True,False
779,2023-05-05,CUST779,56,2,500,1000,1,5,4,500.0,False,False,True,False,True,False
780,2023-02-22,CUST780,52,2,25,50,0,2,2,25.0,True,False,True,False,True,False
781,2023-12-23,CUST781,35,1,500,500,0,12,5,500.0,True,False,False,True,False,False
782,2023-06-04,CUST782,59,3,300,900,1,6,6,300.0,True,True,False,False,True,False
783,2023-12-17,CUST783,56,1,300,300,0,12,6,300.0,False,True,False,False,True,False
784,2023-11-04,CUST784,34,1,500,500,0,11,5,500.0,False,False,True,True,False,False
785,2023-03-03,CUST785,31,4,50,200,0,3,4,50.0,False,False,False,True,False,False
786,2023-10-17,CUST786,48,4,25,100,0,10,1,25.0,True,True,False,False,True,False
787,2023-01-22,CUST787,41,1,25,25,0,1,6,25.0,True,False,True,False,True,False
788,2023-06-27,CUST788,52,3,300,900,1,6,1,300.0,False,False,False,False,True,False
789,2023-09-30,CUST789,61,4,500,2000,1,9,5,500.0,False,True,False,False,False,True
790,2023-08-08,CUST790,62,1,25,25,0,8,1,25.0,True,True,False,False,False,True
791,2023-12-05,CUST791,51,1,25,25,0,12,1,25.0,False,False,False,False,True,False
792,2023-07-09,CUST792,20,1,50,50,0,7,6,50.0,False,False,False,False,False,False
793,2023-02-05,CUST793,54,1,30,30,0,2,6,30.0,True,False,False,False,True,False
794,2023-09-17,CUST794,60,1,300,300,0,9,6,300.0,False,False,False,False,False,True
795,2023-11-28,CUST795,57,1,300,300,0,11,1,300.0,True,False,True,False,True,False
796,2023-06-24,CUST796,43,4,30,120,0,6,5,30.0,True,False,False,False,True,False
797,2023-01-07,CUST797,40,3,25,75,0,1,5,25.0,True,True,False,False,True,False
798,2023-08-04,CUST798,61,1,50,50,0,8,4,50.0,True,True,False,False,False,True
799,2023-09-08,CUST799,56,2,50,100,0,9,4,50.0,True,False,True,False,True,False
800,2023-02-24,CUST800,32,4,300,1200,1,2,4,300.0,True,True,False,True,False,False
801,2023-08-10,CUST801,21,4,50,200,0,8,3,50.0,True,True,False,False,False,False
802,2023-07-05,CUST802,46,1,30,30,0,7,2,30.0,False,False,False,False,True,False
803,2023-11-22,CUST803,39,4,25,100,0,11,2,25.0,True,True,False,True,False,False
804,2023-08-24,CUST804,42,1,30,30,0,8,3,30.0,True,False,True,False,True,False
805,2023-12-29,CUST805,30,3,500,1500,1,12,4,500.0,False,False,False,True,False,False
806,2023-03-20,CUST806,35,3,300,900,1,3,0,300.0,False,False,False,True,False,False
807,2023-08-11,CUST807,50,4,50,200,0,8,4,50.0,False,False,True,False,True,False
808,2023-04-01,CUST808,33,4,500,2000,1,4,5,500.0,True,False,False,True,False,False
809,2023-09-25,CUST809,62,2,50,100,0,9,0,50.0,False,False,False,False,False,True
810,2023-11-30,CUST810,59,4,25,100,0,11,3,25.0,True,False,True,False,True,False
811,2023-05-19,CUST811,61,2,25,50,0,5,4,25.0,True,False,False,False,False,True
812,2023-11-12,CUST812,19,3,25,75,0,11,6,25.0,True,False,True,False,False,False
813,2023-10-03,CUST813,52,3,50,150,0,10,1,50.0,True,False,True,False,True,False
814,2023-09-05,CUST814,59,1,500,500,0,9,1,500.0,False,True,False,False,True,False
815,2023-08-27,CUST815,51,3,25,75,0,8,6,25.0,False,True,False,False,True,False
816,2023-08-12,CUST816,47,2,500,1000,1,8,5,500.0,True,False,False,False,True,False
817,2023-10-31,CUST817,30,4,50,200,0,10,1,50.0,True,False,False,True,False,False
818,2023-05-18,CUST818,30,1,500,500,0,5,3,500.0,True,False,True,True,False,False
819,2023-06-15,CUST819,35,2,50,100,0,6,3,50.0,False,False,False,True,False,False
820,2023-05-06,CUST820,49,4,50,200,0,5,5,50.0,True,False,True,False,True,False
821,2023-02-14,CUST821,49,1,300,300,0,2,1,300.0,True,False,True,False,True,False
822,2023-05-23,CUST822,52,3,50,150,0,5,1,50.0,False,False,False,False,True,False
823,2023-08-19,CUST823,56,2,50,100,0,8,5,50.0,False,False,True,False,True,False
824,2023-05-05,CUST824,63,4,30,120,0,5,4,30.0,True,True,False,False,False,True
825,2023-08-26,CUST825,46,1,25,25,0,8,5,25.0,False,False,False,False,True,False
826,2023-10-19,CUST826,46,1,300,300,0,10,3,300.0,False,True,False,False,True,False
827,2023-11-09,CUST827,61,3,300,900,1,11,3,300.0,True,False,False,False,False,True
828,2023-12-09,CUST828,33,4,300,1200,1,12,5,300.0,False,False,True,True,False,False
829,2023-07-14,CUST829,61,3,30,90,0,7,4,30.0,True,False,False,False,False,True
830,2023-06-22,CUST830,64,3,50,150,0,6,3,50.0,False,True,False,False,False,True
831,2023-01-15,CUST831,27,4,25,100,0,1,6,25.0,True,False,True,True,False,False
832,2023-09-11,CUST832,47,4,500,2000,1,9,0,500.0,True,False,False,False,True,False
833,2023-06-16,CUST833,42,4,50,200,0,6,4,50.0,True,False,False,False,True,False
834,2023-04-04,CUST834,56,2,30,60,0,4,1,30.0,False,False,False,False,True,False
835,2023-09-07,CUST835,37,4,50,200,0,9,3,50.0,True,True,False,True,False,False
836,2023-04-19,CUST836,22,1,50,50,0,4,2,50.0,False,True,False,False,False,False
837,2023-07-01,CUST837,18,3,30,90,0,7,5,30.0,True,False,False,False,False,False
838,2023-05-13,CUST838,47,2,300,600,0,5,5,300.0,True,False,True,False,True,False
839,2023-06-24,CUST839,20,4,300,1200,1,6,5,300.0,False,False,True,False,False,False
840,2023-05-24,CUST840,62,2,25,50,0,5,2,25.0,True,True,False,False,False,True
841,2023-11-02,CUST841,31,4,25,100,0,11,3,25.0,True,False,True,True,False,False
842,2023-12-26,CUST842,47,2,300,600,0,12,1,300.0,False,True,False,False,True,False
843,2023-05-22,CUST843,21,3,500,1500,1,5,0,500.0,True,False,False,False,False,False
844,2023-10-12,CUST844,35,3,50,150,0,10,3,50.0,True,True,False,True,False,False
845,2023-01-06,CUST845,54,1,500,500,0,1,4,500.0,True,True,False,False,True,False
846,2023-09-22,CUST846,42,1,50,50,0,9,4,50.0,True,False,False,False,True,False
847,2023-04-08,CUST847,18,4,300,1200,1,4,5,300.0,False,False,True,False,False,False
848,2023-02-13,CUST848,63,3,25,75,0,2,0,25.0,False,True,False,False,False,True
849,2023-05-04,CUST849,32,2,25,50,0,5,3,25.0,True,True,False,True,False,False
850,2023-07-28,CUST850,26,2,500,1000,1,7,4,500.0,False,False,False,True,False,False
851,2023-09-08,CUST851,32,2,25,50,0,9,4,25.0,True,False,True,True,False,False
852,2023-10-12,CUST852,41,1,300,300,0,10,3,300.0,False,True,False,False,True,False
853,2023-05-04,CUST853,21,2,500,1000,1,5,3,500.0,True,False,False,False,False,False
854,2023-12-20,CUST854,29,1,50,50,0,12,2,50.0,True,True,False,True,False,False
855,2023-09-01,CUST855,54,1,25,25,0,9,4,25.0,True,False,False,False,True,False
856,2023-11-27,CUST856,54,4,30,120,0,11,0,30.0,True,False,True,False,True,False
857,2023-12-31,CUST857,60,2,25,50,0,12,6,25.0,True,False,True,False,False,True
858,2023-09-09,CUST858,23,2,50,100,0,9,5,50.0,True,False,True,False,False,False
859,2023-08-18,CUST859,56,3,500,1500,1,8,4,500.0,False,False,True,False,True,False
860,2023-01-09,CUST860,63,4,50,200,0,1,0,50.0,True,True,False,False,False,True
861,2023-02-17,CUST861,41,3,30,90,0,2,4,30.0,False,True,False,False,True,False
862,2023-05-31,CUST862,28,4,300,1200,1,5,2,300.0,True,False,True,True,False,False
863,2023-04-24,CUST863,30,2,25,50,0,4,0,25.0,False,False,True,True,False,False
864,2023-07-27,CUST864,51,1,500,500,0,7,3,500.0,False,False,True,False,True,False
865,2023-12-21,CUST865,42,1,300,300,0,12,3,300.0,False,True,False,False,True,False
866,2023-05-05,CUST866,24,1,50,50,0,5,4,50.0,True,False,True,False,False,False
867,2023-06-06,CUST867,21,1,500,500,0,6,1,500.0,True,False,True,False,False,False
868,2023-12-06,CUST868,25,1,300,300,0,12,2,300.0,False,False,True,True,False,False
869,2023-10-25,CUST869,37,3,500,1500,1,10,2,500.0,True,False,False,True,False,False
870,2023-07-08,CUST870,46,4,30,120,0,7,5,30.0,False,False,True,False,True,False
871,2023-08-31,CUST871,62,2,30,60,0,8,3,30.0,True,False,False,False,False,True
872,2023-10-11,CUST872,63,3,25,75,0,10,2,25.0,False,False,False,False,False,True
873,2023-09-29,CUST873,27,4,25,100,0,9,4,25.0,False,False,True,True,False,False
874,2023-06-26,CUST874,60,1,30,30,0,6,0,30.0,True,False,False,False,False,True
875,2023-08-06,CUST875,51,4,500,2000,1,8,6,500.0,False,False,True,False,True,False
876,2023-10-09,CUST876,43,4,30,120,0,10,0,30.0,True,True,False,False,True,False
877,2023-06-19,CUST877,58,1,25,25,0,6,0,25.0,False,True,False,False,True,False
878,2023-06-30,CUST878,20,1,30,30,0,6,4,30.0,False,True,False,False,False,False
879,2023-12-26,CUST879,23,1,30,30,0,12,1,30.0,True,True,False,False,False,False
880,2023-08-21,CUST880,22,2,500,1000,1,8,0,500.0,True,False,False,False,False,False
881,2023-05-19,CUST881,22,1,300,300,0,5,4,300.0,True,False,True,False,False,False
882,2023-06-06,CUST882,64,2,25,50,0,6,1,25.0,False,False,True,False,False,True
883,2023-05-09,CUST883,40,1,500,500,0,5,1,500.0,True,False,True,False,True,False
884,2023-04-29,CUST884,26,2,30,60,0,4,5,30.0,False,True,False,True,False,False
885,2023-03-03,CUST885,52,4,30,120,0,3,4,30.0,False,True,False,False,True,False
886,2023-04-09,CUST886,37,3,300,900,1,4,6,300.0,True,False,True,True,False,False
887,2023-06-11,CUST887,59,4,25,100,0,6,6,25.0,True,True,False,False,True,False
888,2023-03-03,CUST888,52,4,25,100,0,3,4,25.0,False,False,True,False,True,False
889,2023-10-02,CUST889,35,1,50,50,0,10,0,50.0,False,False,True,True,False,False
890,2023-12-20,CUST890,34,2,25,50,0,12,2,25.0,True,False,True,True,False,False
891,2023-04-05,CUST891,41,3,300,900,1,4,2,300.0,True,False,True,False,True,False
892,2023-04-09,CUST892,20,1,50,50,0,4,6,50.0,True,False,True,False,False,False
893,2023-04-21,CUST893,49,1,50,50,0,4,4,50.0,True,False,True,False,True,False
894,2023-09-05,CUST894,52,1,30,30,0,9,1,30.0,True,False,True,False,True,False
895,2023-05-22,CUST895,55,4,30,120,0,5,0,30.0,False,True,False,False,True,False
896,2023-10-29,CUST896,30,2,25,50,0,10,6,25.0,False,False,True,True,False,False
897,2023-09-26,CUST897,64,2,50,100,0,9,1,50.0,False,False,True,False,False,True
898,2023-11-02,CUST898,42,3,30,90,0,11,3,30.0,False,True,False,False,True,False
899,2023-05-25,CUST899,26,2,300,600,0,5,3,300.0,True,True,False,True,False,False
900,2023-02-21,CUST900,21,2,30,60,0,2,1,30.0,True,True,False,False,False,False
901,2023-04-10,CUST901,31,1,30,30,0,4,0,30.0,True,False,True,True,False,False
902,2023-06-01,CUST902,54,1,50,50,0,6,3,50.0,False,False,False,False,True,False
903,2023-04-27,CUST903,51,4,50,200,0,4,3,50.0,False,False,False,False,True,False
904,2023-07-04,CUST904,28,1,500,500,0,7,1,500.0,True,True,False,True,False,False
905,2023-04-02,CUST905,58,1,300,300,0,4,6,300.0,True,False,False,False,True,False
906,2023-06-04,CUST906,20,1,50,50,0,6,6,50.0,False,True,False,False,False,False
907,2023-01-08,CUST907,45,1,25,25,0,1,6,25.0,False,False,True,False,True,False
908,2023-12-29,CUST908,46,4,300,1200,1,12,4,300.0,True,False,False,False,True,False
909,2023-10-01,CUST909,26,1,300,300,0,10,6,300.0,True,False,True,True,False,False
910,2023-03-06,CUST910,20,3,50,150,0,3,0,50.0,False,False,False,False,False,False
911,2023-05-21,CUST911,42,3,300,900,1,5,6,300.0,True,False,True,False,True,False
912,2023-01-24,CUST912,51,3,50,150,0,1,1,50.0,True,False,False,False,True,False
913,2023-01-28,CUST913,29,3,30,90,0,1,5,30.0,True,False,True,True,False,False
914,2023-10-11,CUST914,59,1,500,500,0,10,2,500.0,False,False,True,False,True,False
915,2023-05-30,CUST915,26,3,30,90,0,5,1,30.0,False,False,False,True,False,False
916,2023-12-24,CUST916,32,1,50,50,0,12,6,50.0,False,False,True,True,False,False
917,2023-03-06,CUST917,57,4,50,200,0,3,0,50.0,False,False,True,False,True,False
918,2023-11-23,CUST918,42,3,30,90,0,11,3,30.0,False,False,True,False,True,False
919,2023-09-09,CUST919,22,2,25,50,0,9,5,25.0,False,False,False,False,False,False
920,2023-02-22,CUST920,28,3,25,75,0,2,2,25.0,False,False,False,True,False,False
921,2023-01-07,CUST921,51,3,25,75,0,1,5,25.0,True,False,True,False,True,False
922,2023-10-21,CUST922,41,1,50,50,0,10,5,50.0,True,False,True,False,True,False
923,2023-05-26,CUST923,32,3,300,900,1,5,4,300.0,True,False,False,True,False,False
924,2023-08-29,CUST924,55,2,50,100,0,8,1,50.0,True,False,False,False,True,False
925,2023-09-03,CUST925,25,1,300,300,0,9,6,300.0,True,False,True,True,False,False
926,2023-08-14,CUST926,22,1,30,30,0,8,0,30.0,True,False,True,False,False,False
927,2023-06-24,CUST927,43,4,500,2000,1,6,5,500.0,True,False,True,False,True,False
928,2023-04-05,CUST928,35,4,300,1200,1,4,2,300.0,False,True,False,True,False,False
929,2023-01-27,CUST929,23,3,25,75,0,1,4,25.0,False,False,False,False,False,False
930,2023-05-10,CUST930,54,4,50,200,0,5,2,50.0,True,True,False,False,True,False
931,2023-09-02,CUST931,30,4,30,120,0,9,5,30.0,True,False,False,True,False,False
932,2023-02-28,CUST932,45,4,25,100,0,2,1,25.0,False,False,False,False,True,False
933,2023-02-03,CUST933,22,1,30,30,0,2,4,30.0,True,False,False,False,False,False
934,2023-07-25,CUST934,30,1,500,500,0,7,1,500.0,True,False,False,True,False,False
935,2023-09-09,CUST935,34,1,50,50,0,9,5,50.0,False,False,False,True,False,False
936,2023-02-07,CUST936,57,4,50,200,0,2,1,50.0,True,False,False,False,True,False
937,2023-10-23,CUST937,62,1,500,500,0,10,0,500.0,False,False,False,False,False,True
938,2023-11-19,CUST938,49,4,50,200,0,11,6,50.0,True,True,False,False,True,False
939,2023-12-18,CUST939,46,1,300,300,0,12,0,300.0,False,False,True,False,True,False
940,2023-01-28,CUST940,20,1,30,30,0,1,5,30.0,False,False,True,False,False,False
941,2023-03-19,CUST941,57,2,25,50,0,3,6,25.0,False,True,False,False,True,False
942,2023-03-18,CUST942,51,3,500,1500,1,3,5,500.0,True,True,False,False,True,False
943,2023-10-16,CUST943,57,4,300,1200,1,10,0,300.0,False,True,False,False,True,False
944,2023-06-05,CUST944,44,2,25,50,0,6,0,25.0,True,True,False,False,True,False
945,2023-02-13,CUST945,30,1,25,25,0,2,0,25.0,True,False,False,True,False,False
946,2023-05-08,CUST946,62,4,500,2000,1,5,0,500.0,True,False,True,False,False,True
947,2023-03-02,CUST947,50,1,300,300,0,3,3,300.0,True,False,False,False,True,False
948,2023-10-13,CUST948,23,3,25,75,0,10,4,25.0,False,False,True,False,False,False
949,2023-08-02,CUST949,41,2,25,50,0,8,2,25.0,False,False,True,False,True,False
950,2023-11-07,CUST950,36,3,300,900,1,11,1,300.0,True,True,False,True,False,False
951,2023-11-02,CUST951,33,2,50,100,0,11,3,50.0,True,False,False,True,False,False
952,2023-11-13,CUST952,57,1,25,25,0,11,0,25.0,False,True,False,False,True,False
953,2023-04-26,CUST953,45,3,30,90,0,4,2,30.0,True,False,False,False,True,False
954,2023-09-25,CUST954,50,3,300,900,1,9,0,300.0,False,False,True,False,True,False
955,2023-07-14,CUST955,58,1,25,25,0,7,4,25.0,True,True,False,False,True,False
956,2023-08-19,CUST956,30,3,500,1500,1,8,5,500.0,True,True,False,True,False,False
957,2023-08-15,CUST957,60,4,30,120,0,8,1,30.0,False,False,True,False,False,True
958,2023-06-02,CUST958,62,2,25,50,0,6,4,25.0,True,False,True,False,False,True
959,2023-10-29,CUST959,42,2,30,60,0,10,6,30.0,False,False,True,False,True,False
960,2023-08-08,CUST960,59,2,30,60,0,8,1,30.0,True,True,False,False,True,False
961,2023-06-06,CUST961,53,4,50,200,0,6,1,50.0,True,False,False,False,True,False
962,2023-10-19,CUST962,44,2,30,60,0,10,3,30.0,True,True,False,False,True,False
963,2023-11-14,CUST963,55,1,50,50,0,11,1,50.0,False,False,False,False,True,False
964,2023-01-31,CUST964,24,3,300,900,1,1,1,300.0,True,True,False,False,False,False
965,2023-11-09,CUST965,22,4,50,200,0,11,3,50.0,True,True,False,False,False,False
966,2023-02-20,CUST966,60,2,500,1000,1,2,0,500.0,True,False,True,False,False,True
967,2023-04-17,CUST967,62,1,25,25,0,4,0,25.0,True,False,False,False,False,True
968,2023-11-17,CUST968,48,3,300,900,1,11,4,300.0,False,True,False,False,True,False
969,2023-04-19,CUST969,40,3,300,900,1,4,2,300.0,False,True,False,False,True,False
970,2023-05-16,CUST970,59,4,500,2000,1,5,1,500.0,True,False,True,False,True,False
971,2023-12-05,CUST971,27,4,50,200,0,12,1,50.0,False,False,True,True,False,False
972,2023-02-11,CUST972,49,4,25,100,0,2,5,25.0,True,False,False,False,True,False
973,2023-03-22,CUST973,60,1,50,50,0,3,2,50.0,True,True,False,False,False,True
974,2023-05-03,CUST974,47,1,30,30,0,5,2,30.0,True,False,False,False,True,False
975,2023-03-30,CUST975,56,4,50,200,0,3,3,50.0,False,True,False,False,True,False
976,2023-10-10,CUST976,48,2,300,600,0,10,1,300.0,False,False,False,False,True,False
977,2023-02-08,CUST977,35,3,25,75,0,2,2,25.0,False,False,True,True,False,False
978,2023-03-22,CUST978,53,3,50,150,0,3,2,50.0,False,True,False,False,True,False
979,2023-01-02,CUST979,19,1,25,25,0,1,0,25.0,False,False,False,False,False,False
980,2023-07-29,CUST980,31,3,25,75,0,7,5,25.0,False,False,True,True,False,False
981,2023-08-19,CUST981,30,2,30,60,0,8,5,30.0,False,False,True,True,False,False
982,2023-12-19,CUST982,46,3,30,90,0,12,1,30.0,False,False,False,False,True,False
983,2023-11-01,CUST983,29,1,300,300,0,11,2,300.0,False,True,False,True,False,False
984,2023-08-29,CUST984,56,1,500,500,0,8,1,500.0,True,True,False,False,True,False
985,2023-05-30,CUST985,19,2,25,50,0,5,1,25.0,False,False,True,False,False,False
986,2023-01-17,CUST986,49,2,500,1000,1,1,1,500.0,False,True,False,False,True,False
987,2023-04-29,CUST987,30,3,300,900,1,4,5,300.0,False,True,False,True,False,False
988,2023-05-28,CUST988,63,3,25,75,0,5,6,25.0,False,True,False,False,False,True
989,2023-12-28,CUST989,44,1,25,25,0,12,3,25.0,False,False,True,False,True,False
990,2023-05-25,CUST990,58,2,500,1000,1,5,3,500.0,False,False,False,False,True,False
991,2023-12-26,CUST991,34,2,50,100,0,12,1,50.0,False,True,False,True,False,False
992,2023-08-21,CUST992,57,2,30,60,0,8,0,30.0,False,False,True,False,True,False
993,2023-02-06,CUST993,48,3,50,150,0,2,0,50.0,False,False,True,False,True,False
994,2023-12-18,CUST994,51,2,500,1000,1,12,0,500.0,False,False,False,False,True,False
995,2023-04-30,CUST995,41,1,30,30,0,4,6,30.0,False,True,False,False,True,False
996,2023-05-16,CUST996,62,1,50,50,0,5,1,50.0,True,True,False,False,False,True
997,2023-11-17,CUST997,52,3,30,90,0,11,4,30.0,True,False,False,False,True,False
998,2023-10-29,CUST998,23,4,25,100,0,10,6,25.0,False,False,False,False,False,False
999,2023-12-05,CUST999,36,3,50,150,0,12,1,50.0,False,False,True,True,False,False
1000,2023-04-12,CUST1000,47,4,30,120,0,4,2,30.0,True,False,True,False,True,False
